Passage,NewID,WordNoPunctuation,WordWithPunctuation,WordClass,PartOfSpeech
1,1Aw01,In,In,Function,ADP
1,1Aw02,the,the,Function,DET
1,1Aw03,right,right,Content,ADJ
1,1Aw04,hands,"hands,",Content,NOUN
1,1Aw05,location,location,Content,NOUN
1,1Aw06,data,data,Content,NOUN
1,1Aw07,can,can,Function,AUX
1,1Aw08,be,be,Content,AUX
1,1Aw09,a,a,Function,DET
1,1Aw10,force,force,Content,NOUN
1,1Aw11,for,for,Function,ADP
1,1Aw12,good,good.,Content,ADJ
1,1Bw01,It,It,Function,PRON
1,1Bw02,can,can,Function,AUX
1,1Bw03,provide,provide,Content,VERB
1,1Bw04,publishers,publishers,Content,NOUN
1,1Bw05,and,and,Function,CCONJ
1,1Bw06,app,app,Content,NOUN
1,1Bw07,developers,developers,Content,NOUN
1,1Bw08,with,with,Function,ADP
1,1Bw09,advertising,advertising,Content,NOUN
1,1Bw10,revenue,revenue,Content,NOUN
1,1Bw11,so,so,Function,SCONJ
1,1Bw12,consumers,consumers,Content,NOUN
1,1Bw13,can,can,Function,AUX
1,1Bw14,access,access,Content,VERB
1,1Bw15,free,free,Content,ADJ
1,1Bw16,services,services,Content,NOUN
1,1Bw17,and,and,Function,CCONJ
1,1Bw18,information,information.,Content,NOUN
2,2Aw01,Paying,Paying,Content,VERB
2,2Aw02,for,for,Function,ADP
2,2Aw03,college,college,Content,NOUN
2,2Aw04,seems,seems,Content,VERB
2,2Aw05,out,out,Function,ADP
2,2Aw06,of,of,Function,ADP
2,2Aw07,reach,reach,Content,NOUN
2,2Aw08,for,for,Function,ADP
2,2Aw09,many,many,Content,ADJ
2,2Aw10,Americans,"Americans,",Content,PROPN
2,2Aw11,so,so,Function,SCONJ
2,2Aw12,the,the,Function,DET
2,2Aw13,idea,idea,Content,NOUN
2,2Aw14,of,of,Function,ADP
2,2Aw15,free,free,Content,ADJ
2,2Aw16,college,college,Content,NOUN
2,2Aw17,has,has,Content,VERB
2,2Aw18,broad,broad,Content,ADJ
2,2Aw19,appeal,appeal.,Content,NOUN
2,2Bw01,Several,Several,Content,ADJ
2,2Bw02,Democratic,Democratic,Content,ADJ
2,2Bw03,presidential,presidential,Content,ADJ
2,2Bw04,candidates,candidates,Content,NOUN
2,2Bw05,and,and,Function,CCONJ
2,2Bw06,members,members,Content,NOUN
2,2Bw07,of,of,Function,ADP
2,2Bw08,Congress,Congress,Content,PROPN
2,2Bw09,have,have,Content,AUX
2,2Bw10,endorsed,endorsed,Content,VERB
2,2Bw11,it,it.,Function,PRON
3,3Aw01,Very,Very,Content,ADV
3,3Aw02,few,few,Content,ADJ
3,3Aw03,issues,issues,Content,NOUN
3,3Aw04,can,can,Function,AUX
3,3Aw05,bring,bring,Content,VERB
3,3Aw06,together,together,Content,ADV
3,3Aw07,lawmakers,lawmakers,Content,NOUN
3,3Aw08,of,of,Function,ADP
3,3Aw09,both,both,Function,DET
3,3Aw10,parties,parties.,Content,NOUN
3,3Bw01,Animal,Animal,Content,ADJ
3,3Bw02,cruelty,cruelty,Content,NOUN
3,3Bw03,is,is,Content,AUX
3,3Bw04,one,one,Function,NUM
3,3Bw05,of,of,Function,ADP
3,3Bw06,them,them.,Function,PRON
4,4Aw01,Koalas,Koalas,Content,PROPN
4,4Aw02,have,have,Content,AUX
4,4Aw03,been,been,Content,AUX
4,4Aw04,running,running,Content,VERB
4,4Aw05,into,into,Function,ADP
4,4Aw06,hard,hard,Content,ADJ
4,4Aw07,times,times.,Content,NOUN
4,4Bw01,They,They,Function,PRON
4,4Bw02,have,have,Content,AUX
4,4Bw03,suffered,suffered,Content,VERB
4,4Bw04,for,for,Function,ADP
4,4Bw05,years,years,Content,NOUN
4,4Bw06,from,from,Function,ADP
4,4Bw07,habitat,habitat,Content,NOUN
4,4Bw08,destruction,"destruction,",Content,NOUN
4,4Bw09,dog,dog,Content,NOUN
4,4Bw10,attacks,"attacks,",Content,NOUN
4,4Bw11,automobile,automobile,Content,NOUN
4,4Bw12,accidents,accidents.,Content,NOUN
5,5Aw01,Some,Some,Function,DET
5,5Aw02,recent,recent,Content,ADJ
5,5Aw03,reports,reports,Content,NOUN
5,5Aw04,have,have,Content,AUX
5,5Aw05,suggested,suggested,Content,VERB
5,5Aw06,that,that,Function,SCONJ
5,5Aw07,women,women,Content,NOUN
5,5Aw08,who,who,Function,PRON
5,5Aw09,give,give,Content,VERB
5,5Aw10,birth,birth,Content,NOUN
5,5Aw11,by,by,Function,ADP
5,5Aw12,cesarean,cesarean,Content,ADJ
5,5Aw13,section,section,Content,NOUN
5,5Aw14,are,are,Content,AUX
5,5Aw15,more,more,Content,ADV
5,5Aw16,likely,likely,Content,ADJ
5,5Aw17,to,to,Function,PART
5,5Aw18,have,have,Content,VERB
5,5Aw19,obese,obese,Content,ADJ
5,5Aw20,children,children.,Content,NOUN
5,5Bw01,But,But,Function,CCONJ
5,5Bw02,a,a,Function,DET
5,5Bw03,large,large,Content,ADJ
5,5Bw04,new,new,Content,ADJ
5,5Bw05,study,study,Content,NOUN
5,5Bw06,found,found,Content,VERB
5,5Bw07,no,no,Function,DET
5,5Bw08,link,link,Content,NOUN
5,5Bw09,between,between,Function,ADP
5,5Bw10,the,the,Function,DET
5,5Bw11,method,method,Content,NOUN
5,5Bw12,of,of,Function,ADP
5,5Bw13,birth,birth,Content,NOUN
5,5Bw14,and,and,Function,CCONJ
5,5Bw15,obesity,obesity.,Content,NOUN
6,6Aw01,Pancreatic,Pancreatic,Content,ADJ
6,6Aw02,cancer,cancer,Content,NOUN
6,6Aw03,has,has,Content,VERB
6,6Aw04,a,a,Function,DET
6,6Aw05,bad,bad,Content,ADJ
6,6Aw06,reputation,reputation.,Content,NOUN
6,6Bw01,It,It,Function,PRON
6,6Bw02,is,is,Content,AUX
6,6Bw03,a,a,Function,DET
6,6Bw04,terrible,terrible,Content,ADJ
6,6Bw05,disease,"disease,",Content,NOUN
6,6Bw06,but,but,Function,CCONJ
6,6Bw07,most,most,Content,ADJ
6,6Bw08,people,people,Content,NOUN
6,6Bw09,do,do,Content,AUX
6,6Bw10,not,not,Content,PART
6,6Bw11,realize,realize,Content,VERB
6,6Bw12,there,there,Content,PRON
6,6Bw13,are,are,Content,VERB
6,6Bw14,ways,ways,Content,NOUN
6,6Bw15,that,that,Function,PRON
6,6Bw16,early,early,Content,ADJ
6,6Bw17,detection,detection,Content,NOUN
6,6Bw18,can,can,Function,AUX
6,6Bw19,help,help.,Content,VERB
7,7Aw01,Some,Some,Function,DET
7,7Aw02,nutrition,nutrition,Content,NOUN
7,7Aw03,experts,experts,Content,NOUN
7,7Aw04,say,say,Content,VERB
7,7Aw05,eggs,eggs,Content,NOUN
7,7Aw06,are,are,Content,AUX
7,7Aw07,good,good,Content,ADJ
7,7Aw08,for,for,Function,ADP
7,7Aw09,you,"you,",Function,PRON
7,7Aw10,even,even,Content,ADV
7,7Aw11,though,though,Function,SCONJ
7,7Aw12,they,they,Function,PRON
7,7Aw13,are,are,Content,AUX
7,7Aw14,high,high,Content,ADJ
7,7Aw15,in,in,Function,ADP
7,7Aw16,cholesterol,cholesterol.,Content,NOUN
7,7Bw01,Others,Others,Content,NOUN
7,7Bw02,are,are,Content,AUX
7,7Bw03,sure,sure,Content,ADJ
7,7Bw04,they,they,Function,PRON
7,7Bw05,are,are,Content,AUX
7,7Bw06,bad,bad.,Content,ADJ
8,8Aw01,Experts,Experts,Content,NOUN
8,8Aw02,generally,generally,Content,ADV
8,8Aw03,agree,agree,Content,VERB
8,8Aw04,that,that,Function,SCONJ
8,8Aw05,watching,watching,Content,VERB
8,8Aw06,a,a,Function,DET
8,8Aw07,lot,lot,Content,NOUN
8,8Aw08,of,of,Function,ADP
8,8Aw09,television,television,Content,NOUN
8,8Aw10,is,is,Content,AUX
8,8Aw11,bad,bad,Content,ADJ
8,8Aw12,for,for,Function,ADP
8,8Aw13,children,children.,Content,NOUN
8,8Bw01,Now,Now,Content,INTJ
8,8Bw02,a,a,Function,DET
8,8Bw03,new,new,Content,ADJ
8,8Bw04,study,study,Content,NOUN
8,8Bw05,suggests,suggests,Content,VERB
8,8Bw06,it,it,Function,PRON
8,8Bw07,may,may,Function,AUX
8,8Bw08,not,not,Content,PART
8,8Bw09,be,be,Content,AUX
8,8Bw10,very,very,Content,ADV
8,8Bw11,good,good,Content,ADJ
8,8Bw12,for,for,Function,ADP
8,8Bw13,adults,"adults,",Content,NOUN
8,8Bw14,either,either.,Function,ADV
9,9Aw01,Legislators,Legislators,Content,NOUN
9,9Aw02,and,and,Function,CCONJ
9,9Aw03,gun,gun,Content,NOUN
9,9Aw04,safety,safety,Content,NOUN
9,9Aw05,advocates,advocates,Content,NOUN
9,9Aw06,often,often,Content,ADV
9,9Aw07,focus,focus,Content,VERB
9,9Aw08,on,on,Function,ADP
9,9Aw09,how,how,Content,SCONJ
9,9Aw10,guns,guns,Content,NOUN
9,9Aw11,are,are,Content,AUX
9,9Aw12,purchased,purchased.,Content,VERB
9,9Bw01,But,But,Function,CCONJ
9,9Bw02,many,many,Content,ADJ
9,9Bw03,lives,lives,Content,NOUN
9,9Bw04,could,could,Function,AUX
9,9Bw05,be,be,Content,AUX
9,9Bw06,saved,"saved,",Content,VERB
9,9Bw07,especially,especially,Content,ADV
9,9Bw08,among,among,Function,ADP
9,9Bw09,children,"children,",Content,NOUN
9,9Bw10,if,if,Function,SCONJ
9,9Bw11,they,they,Function,PRON
9,9Bw12,looked,looked,Content,VERB
9,9Bw13,more,more,Content,ADV
9,9Bw14,at,at,Function,ADP
9,9Bw15,how,how,Content,SCONJ
9,9Bw16,they,they,Function,PRON
9,9Bw17,are,are,Content,AUX
9,9Bw18,stored,stored.,Content,VERB
10,10Aw01,Most,Most,Content,ADJ
10,10Aw02,cricket,cricket,Content,NOUN
10,10Aw03,species,"species,",Content,NOUN
10,10Aw04,indoors,indoors,Content,ADV
10,10Aw05,or,or,Function,CCONJ
10,10Aw06,outdoors,"outdoors,",Content,ADV
10,10Aw07,are,are,Content,AUX
10,10Aw08,omnivorous,omnivorous.,Content,ADJ
10,10Bw01,They,They,Function,PRON
10,10Bw02,will,will,Function,AUX
10,10Bw03,eat,eat,Content,VERB
10,10Bw04,almost,almost,Content,ADV
10,10Bw05,any,any,Function,PRON
10,10Bw06,organic,organic,Content,ADJ
10,10Bw07,material,"material,",Content,NOUN
10,10Bw08,usually,usually,Content,ADV
10,10Bw09,preferring,preferring,Content,VERB
10,10Bw10,items,items,Content,NOUN
10,10Bw11,derived,derived,Content,VERB
10,10Bw12,from,from,Function,ADP
10,10Bw13,plants,plants.,Content,NOUN
11,11Aw01,The,The,Function,DET
11,11Aw02,American,American,Content,ADJ
11,11Aw03,medical,medical,Content,ADJ
11,11Aw04,malpractice,malpractice,Content,NOUN
11,11Aw05,system,system,Content,NOUN
11,11Aw06,is,is,Content,AUX
11,11Aw07,doing,doing,Content,VERB
11,11Aw08,almost,almost,Content,ADV
11,11Aw09,nothing,nothing,Content,PRON
11,11Aw10,to,to,Function,PART
11,11Aw11,improve,improve,Content,VERB
11,11Aw12,the,the,Function,DET
11,11Aw13,quality,quality,Content,NOUN
11,11Aw14,of,of,Function,ADP
11,11Aw15,health,health,Content,NOUN
11,11Aw16,care,"care,",Content,NOUN
11,11Aw17,research,research,Content,NOUN
11,11Aw18,suggests,suggests.,Content,VERB
11,11Bw01,What,What,Function,PRON
11,11Bw02,may,may,Function,AUX
11,11Bw03,be,be,Content,AUX
11,11Bw04,more,more,Content,ADV
11,11Bw05,concerning,concerning,Content,ADJ
11,11Bw06,is,is,Content,AUX
11,11Bw07,that,that,Function,SCONJ
11,11Bw08,there,there,Content,PRON
11,11Bw09,is,is,Content,VERB
11,11Bw10,very,very,Content,ADV
11,11Bw11,little,little,Content,ADJ
11,11Bw12,discussion,"discussion,",Content,NOUN
11,11Bw13,much,much,Content,ADV
11,11Bw14,less,less,Content,ADJ
11,11Bw15,action,"action,",Content,NOUN
11,11Bw16,on,on,Function,ADP
11,11Bw17,reform,reform.,Content,NOUN
12,12Aw01,Many,Many,Content,ADJ
12,12Aw02,studies,studies,Content,NOUN
12,12Aw03,have,have,Content,AUX
12,12Aw04,found,found,Content,VERB
12,12Aw05,that,that,Function,SCONJ
12,12Aw06,obesity,obesity,Content,NOUN
12,12Aw07,is,is,Content,AUX
12,12Aw08,associated,associated,Content,VERB
12,12Aw09,with,with,Function,ADP
12,12Aw10,an,an,Function,DET
12,12Aw11,increased,increased,Content,VERB
12,12Aw12,risk,risk,Content,NOUN
12,12Aw13,for,for,Function,ADP
12,12Aw14,prostate,prostate,Content,NOUN
12,12Aw15,cancer,cancer.,Content,NOUN
12,12Bw01,Now,Now,Content,ADV
12,12Bw02,a,a,Function,DET
12,12Bw03,new,new,Content,ADJ
12,12Bw04,study,study,Content,NOUN
12,12Bw05,suggests,suggests,Content,VERB
12,12Bw06,that,that,Function,SCONJ
12,12Bw07,the,the,Function,DET
12,12Bw08,degree,degree,Content,NOUN
12,12Bw09,of,of,Function,ADP
12,12Bw10,risk,risk,Content,NOUN
12,12Bw11,may,may,Function,AUX
12,12Bw12,depend,depend,Content,VERB
12,12Bw13,on,on,Function,ADP
12,12Bw14,where,where,Content,SCONJ
12,12Bw15,in,in,Function,ADP
12,12Bw16,the,the,Function,DET
12,12Bw17,body,body,Content,NOUN
12,12Bw18,the,the,Function,DET
12,12Bw19,fat,fat,Content,NOUN
12,12Bw20,is,is.,Content,AUX
13,13Aw01,In,In,Function,ADP
13,13Aw02,general,"general,",Content,ADJ
13,13Aw03,any,any,Function,DET
13,13Aw04,exercise,exercise,Content,NOUN
13,13Aw05,improves,improves,Content,VERB
13,13Aw06,our,our,Function,PRON
13,13Aw07,health,health.,Content,NOUN
13,13Bw01,But,But,Function,CCONJ
13,13Bw02,a,a,Function,DET
13,13Bw03,wealth,wealth,Content,NOUN
13,13Bw04,of,of,Function,ADP
13,13Bw05,recent,recent,Content,ADJ
13,13Bw06,science,science,Content,NOUN
13,13Bw07,and,and,Function,CCONJ
13,13Bw08,personal,personal,Content,ADJ
13,13Bw09,experience,experience,Content,NOUN
13,13Bw10,indicate,indicate,Content,VERB
13,13Bw11,that,that,Function,SCONJ
13,13Bw12,different,different,Content,ADJ
13,13Bw13,people,people,Content,NOUN
13,13Bw14,can,can,Function,AUX
13,13Bw15,respond,respond,Content,VERB
13,13Bw16,to,to,Function,ADP
13,13Bw17,similar,similar,Content,ADJ
13,13Bw18,exercise,exercise,Content,NOUN
13,13Bw19,routines,routines,Content,NOUN
13,13Bw20,in,in,Function,ADP
13,13Bw21,different,different,Content,ADJ
13,13Bw22,ways,ways.,Content,NOUN
14,14Aw01,A,A,Function,DET
14,14Aw02,lifelong,lifelong,Content,ADJ
14,14Aw03,swimmer,swimmer,Content,NOUN
14,14Aw04,leapt,leapt,Content,VERB
14,14Aw05,into,into,Function,ADP
14,14Aw06,deep,deep,Content,ADJ
14,14Aw07,water,water,Content,NOUN
14,14Aw08,near,near,Function,ADP
14,14Aw09,his,his,Function,PRON
14,14Aw10,lakeside,lakeside,Content,NOUN
14,14Aw11,home,"home,",Content,NOUN
14,14Aw12,and,and,Function,CCONJ
14,14Aw13,was,was,Content,AUX
14,14Aw14,horrified,horrified,Content,VERB
14,14Aw15,to,to,Function,PART
14,14Aw16,find,find,Content,VERB
14,14Aw17,himself,himself,Function,PRON
14,14Aw18,completely,completely,Content,ADV
14,14Aw19,unable,unable,Content,ADJ
14,14Aw20,to,to,Function,PART
14,14Aw21,swim,swim.,Content,VERB
14,14Bw01,Had,Had,Content,AUX
14,14Bw02,his,his,Function,PRON
14,14Bw03,wife,wife,Content,NOUN
14,14Bw04,not,not,Content,PART
14,14Bw05,rescued,rescued,Content,VERB
14,14Bw06,him,"him,",Function,PRON
14,14Bw07,he,he,Function,PRON
14,14Bw08,might,might,Function,AUX
14,14Bw09,have,have,Content,AUX
14,14Bw10,drowned,drowned.,Content,VERB
15,15Aw01,Scientists,Scientists,Content,NOUN
15,15Aw02,have,have,Content,AUX
15,15Aw03,used,used,Content,VERB
15,15Aw04,genetically,genetically,Content,ADV
15,15Aw05,reprogrammed,reprogrammed,Content,VERB
15,15Aw06,bacteria,bacteria,Content,NOUN
15,15Aw07,to,to,Function,PART
15,15Aw08,destroy,destroy,Content,VERB
15,15Aw09,tumors,tumors,Content,NOUN
15,15Aw10,in,in,Function,ADP
15,15Aw11,mice,mice.,Content,NOUN
15,15Bw01,The,The,Function,DET
15,15Bw02,innovative,innovative,Content,ADJ
15,15Bw03,method,method,Content,NOUN
15,15Bw04,one,one,Function,NUM
15,15Bw05,day,day,Content,NOUN
15,15Bw06,may,may,Function,AUX
15,15Bw07,lead,lead,Content,VERB
15,15Bw08,to,to,Function,ADP
15,15Bw09,cancer,cancer,Content,NOUN
15,15Bw10,therapies,therapies,Content,NOUN
15,15Bw11,that,that,Function,PRON
15,15Bw12,treat,treat,Content,VERB
15,15Bw13,the,the,Function,DET
15,15Bw14,disease,disease,Content,NOUN
15,15Bw15,more,more,Content,ADV
15,15Bw16,precisely,"precisely,",Content,ADV
15,15Bw17,without,without,Function,ADP
15,15Bw18,the,the,Function,DET
15,15Bw19,side,side,Content,ADJ
15,15Bw20,effects,effects,Content,NOUN
15,15Bw21,of,of,Function,ADP
15,15Bw22,conventional,conventional,Content,ADJ
15,15Bw23,drugs,drugs.,Content,NOUN
16,16Aw01,A,A,Function,DET
16,16Aw02,cluster,cluster,Content,NOUN
16,16Aw03,of,of,Function,ADP
16,16Aw04,police,police,Content,NOUN
16,16Aw05,suicides,suicides,Content,NOUN
16,16Aw06,has,has,Content,AUX
16,16Aw07,prompted,prompted,Content,VERB
16,16Aw08,leaders,leaders,Content,NOUN
16,16Aw09,to,to,Function,PART
16,16Aw10,plead,plead,Content,VERB
16,16Aw11,with,with,Function,ADP
16,16Aw12,troubled,troubled,Content,ADJ
16,16Aw13,officers,officers,Content,NOUN
16,16Aw14,to,to,Function,PART
16,16Aw15,seek,seek,Content,VERB
16,16Aw16,help,help.,Content,NOUN
16,16Bw01,But,But,Function,CCONJ
16,16Bw02,resistance,resistance,Content,NOUN
16,16Bw03,is,is,Content,AUX
16,16Bw04,strong,strong.,Content,ADJ
17,17Aw01,Positional,Positional,Content,ADJ
17,17Aw02,vertigo,vertigo,Content,NOUN
17,17Aw03,is,is,Content,AUX
17,17Aw04,a,a,Function,DET
17,17Aw05,common,common,Content,ADJ
17,17Aw06,type,type,Content,NOUN
17,17Aw07,of,of,Function,ADP
17,17Aw08,dizziness,dizziness,Content,NOUN
17,17Aw09,that,that,Function,PRON
17,17Aw10,can,can,Function,AUX
17,17Aw11,be,be,Content,AUX
17,17Aw12,treated,treated,Content,VERB
17,17Aw13,with,with,Function,ADP
17,17Aw14,a,a,Function,DET
17,17Aw15,simple,simple,Content,ADJ
17,17Aw16,maneuver,maneuver.,Content,NOUN
17,17Bw01,Vertigo,Vertigo,Content,NOUN
17,17Bw02,is,is,Content,AUX
17,17Bw03,an,an,Function,DET
17,17Bw04,illusory,illusory,Content,ADJ
17,17Bw05,sensation,sensation,Content,NOUN
17,17Bw06,of,of,Function,ADP
17,17Bw07,motion,motion,Content,NOUN
17,17Bw08,that,that,Function,PRON
17,17Bw09,is,is,Content,AUX
17,17Bw10,often,often,Content,ADV
17,17Bw11,accompanied,accompanied,Content,VERB
17,17Bw12,by,by,Function,ADP
17,17Bw13,intense,intense,Content,ADJ
17,17Bw14,nausea,nausea.,Content,NOUN
18,18Aw01,When,When,Content,SCONJ
18,18Aw02,new,new,Content,ADJ
18,18Aw03,breast,breast,Content,NOUN
18,18Aw04,cancer,cancer,Content,NOUN
18,18Aw05,drugs,drugs,Content,NOUN
18,18Aw06,come,come,Content,VERB
18,18Aw07,to,to,Function,ADP
18,18Aw08,market,"market,",Content,NOUN
18,18Aw09,there,there,Content,PRON
18,18Aw10,is,is,Content,VERB
18,18Aw11,little,little,Content,ADJ
18,18Aw12,data,data,Content,NOUN
18,18Aw13,to,to,Function,PART
18,18Aw14,indicate,indicate,Content,VERB
18,18Aw15,whether,whether,Function,SCONJ
18,18Aw16,they,they,Function,PRON
18,18Aw17,are,are,Content,AUX
18,18Aw18,safe,safe,Content,ADJ
18,18Aw19,or,or,Function,CCONJ
18,18Aw20,effective,effective,Content,ADJ
18,18Aw21,in,in,Function,ADP
18,18Aw22,men,men.,Content,NOUN
18,18Bw01,Some,Some,Function,DET
18,18Bw02,new,new,Content,ADJ
18,18Bw03,drugs,drugs,Content,NOUN
18,18Bw04,are,are,Content,AUX
18,18Bw05,approved,approved,Content,VERB
18,18Bw06,only,only,Content,ADV
18,18Bw07,for,for,Function,ADP
18,18Bw08,women,women.,Content,NOUN
19,19Aw01,Polio,Polio,Content,PROPN
19,19Aw02,is,is,Content,AUX
19,19Aw03,an,an,Function,DET
19,19Aw04,infectious,infectious,Content,ADJ
19,19Aw05,disease,disease,Content,NOUN
19,19Aw06,that,that,Function,PRON
19,19Aw07,can,can,Function,AUX
19,19Aw08,spread,spread,Content,VERB
19,19Aw09,rapidly,rapidly,Content,ADV
19,19Aw10,and,and,Function,CCONJ
19,19Aw11,mainly,mainly,Content,ADV
19,19Aw12,affects,affects,Content,VERB
19,19Aw13,young,young,Content,ADJ
19,19Aw14,children,children.,Content,NOUN
19,19Bw01,It,It,Function,PRON
19,19Bw02,can,can,Function,AUX
19,19Bw03,cause,cause,Content,VERB
19,19Bw04,muscle,muscle,Content,NOUN
19,19Bw05,weakness,"weakness,",Content,NOUN
19,19Bw06,paralysis,paralysis,Content,NOUN
19,19Bw07,and,"and,",Function,CCONJ
19,19Bw08,on,on,Function,ADP
19,19Bw09,rare,rare,Content,ADJ
19,19Bw10,occasions,"occasions,",Content,NOUN
19,19Bw11,it,it,Function,PRON
19,19Bw12,can,can,Function,AUX
19,19Bw13,be,be,Content,AUX
19,19Bw14,fatal,fatal.,Content,ADJ
20,20Aw01,In,In,Function,ADP
20,20Aw02,general,"general,",Content,ADJ
20,20Aw03,mammalian,mammalian,Content,ADJ
20,20Aw04,hearts,hearts,Content,NOUN
20,20Aw05,are,are,Content,AUX
20,20Aw06,quite,quite,Content,ADV
20,20Aw07,malleable,malleable.,Content,ADJ
20,20Bw01,They,They,Function,PRON
20,20Bw02,change,change,Content,VERB
20,20Bw03,in,in,Function,ADP
20,20Bw04,response,response,Content,NOUN
20,20Bw05,to,to,Function,ADP
20,20Bw06,the,the,Function,DET
20,20Bw07,demands,demands,Content,NOUN
20,20Bw08,placed,placed,Content,VERB
20,20Bw09,on,on,Function,ADP
20,20Bw10,them,them.,Function,PRON
21,21Aw01,A,A,Function,DET
21,21Aw02,number,number,Content,NOUN
21,21Aw03,of,of,Function,ADP
21,21Aw04,countries,"countries,",Content,NOUN
21,21Aw05,including,including,Content,VERB
21,21Aw06,Australia,Australia,Content,PROPN
21,21Aw07,and,and,Function,CCONJ
21,21Aw08,Germany,"Germany,",Content,PROPN
21,21Aw09,have,have,Content,AUX
21,21Aw10,started,started,Content,VERB
21,21Aw11,requiring,requiring,Content,VERB
21,21Aw12,companies,companies,Content,NOUN
21,21Aw13,to,to,Function,PART
21,21Aw14,report,report,Content,VERB
21,21Aw15,their,their,Function,PRON
21,21Aw16,gender,gender,Content,NOUN
21,21Aw17,pay,pay,Content,NOUN
21,21Aw18,gaps,gaps,Content,NOUN
21,21Aw19,in,in,Function,ADP
21,21Aw20,recent,recent,Content,ADJ
21,21Aw21,years,years.,Content,NOUN
21,21Bw01,Proponents,Proponents,Content,NOUN
21,21Bw02,argue,argue,Content,VERB
21,21Bw03,that,that,Function,SCONJ
21,21Bw04,transparency,transparency,Content,NOUN
21,21Bw05,can,can,Function,AUX
21,21Bw06,lead,lead,Content,VERB
21,21Bw07,to,to,Function,ADP
21,21Bw08,improvement,improvement.,Content,NOUN
22,22Aw01,An,An,Function,DET
22,22Aw02,extensive,extensive,Content,ADJ
22,22Aw03,study,study,Content,NOUN
22,22Aw04,confirms,confirms,Content,VERB
22,22Aw05,that,that,Function,SCONJ
22,22Aw06,red,red,Content,ADJ
22,22Aw07,meat,meat,Content,NOUN
22,22Aw08,might,might,Function,AUX
22,22Aw09,not,not,Content,PART
22,22Aw10,be,be,Content,AUX
22,22Aw11,that,that,Function,ADV
22,22Aw12,bad,bad,Content,ADJ
22,22Aw13,for,for,Function,ADP
22,22Aw14,you,you.,Function,PRON
22,22Bw01,But,But,Function,CCONJ
22,22Bw02,it,it,Function,PRON
22,22Bw03,is,is,Content,AUX
22,22Bw04,bad,bad,Content,ADJ
22,22Bw05,for,for,Function,ADP
22,22Bw06,the,the,Function,DET
22,22Bw07,planet,"planet,",Content,NOUN
22,22Bw08,with,with,Function,SCONJ
22,22Bw09,chicken,chicken,Content,NOUN
22,22Bw10,and,and,Function,CCONJ
22,22Bw11,pork,pork,Content,NOUN
22,22Bw12,less,less,Content,ADV
22,22Bw13,harmful,harmful,Content,ADJ
22,22Bw14,than,than,Function,ADP
22,22Bw15,beef,beef.,Content,NOUN
23,23Aw01,The,The,Function,DET
23,23Aw02,caterpillar,caterpillar,Content,NOUN
23,23Aw03,of,of,Function,ADP
23,23Aw04,the,the,Function,DET
23,23Aw05,monarch,monarch,Content,NOUN
23,23Aw06,butterfly,butterfly,Content,NOUN
23,23Aw07,eats,eats,Content,VERB
23,23Aw08,only,only,Content,ADV
23,23Aw09,milkweed,"milkweed,",Content,NOUN
23,23Aw10,a,a,Function,DET
23,23Aw11,poisonous,poisonous,Content,ADJ
23,23Aw12,plant,plant,Content,NOUN
23,23Aw13,that,that,Function,PRON
23,23Aw14,should,should,Function,AUX
23,23Aw15,kill,kill,Content,VERB
23,23Aw16,it,it.,Function,PRON
23,23Bw01,The,The,Function,DET
23,23Bw02,caterpillars,caterpillars,Content,NOUN
23,23Bw03,thrive,thrive,Content,VERB
23,23Bw04,on,on,Function,ADP
23,23Bw05,the,the,Function,DET
23,23Bw06,plant,"plant,",Content,NOUN
23,23Bw07,even,even,Content,ADV
23,23Bw08,storing,storing,Content,VERB
23,23Bw09,its,its,Function,PRON
23,23Bw10,toxins,toxins,Content,NOUN
23,23Bw11,in,in,Function,ADP
23,23Bw12,their,their,Function,PRON
23,23Bw13,bodies,bodies,Content,NOUN
23,23Bw14,as,as,Function,ADP
23,23Bw15,a,a,Function,DET
23,23Bw16,defense,defense,Content,NOUN
23,23Bw17,against,against,Function,ADP
23,23Bw18,hungry,hungry,Content,ADJ
23,23Bw19,birds,birds.,Content,NOUN
24,24Aw01,A,A,Function,DET
24,24Aw02,decline,decline,Content,NOUN
24,24Aw03,in,in,Function,ADP
24,24Aw04,income,income,Content,NOUN
24,24Aw05,in,in,Function,ADP
24,24Aw06,young,young,Content,ADJ
24,24Aw07,adulthood,adulthood,Content,NOUN
24,24Aw08,may,may,Function,AUX
24,24Aw09,lead,lead,Content,VERB
24,24Aw10,to,to,Function,ADP
24,24Aw11,poorer,poorer,Content,ADJ
24,24Aw12,cognitive,cognitive,Content,ADJ
24,24Aw13,ability,ability,Content,NOUN
24,24Aw14,in,in,Function,ADP
24,24Aw15,middle,middle,Content,ADJ
24,24Aw16,age,age.,Content,NOUN
24,24Bw01,Income,Income,Content,NOUN
24,24Bw02,reductions,reductions,Content,NOUN
24,24Bw03,are,are,Content,AUX
24,24Bw04,also,also,Content,ADV
24,24Bw05,linked,linked,Content,VERB
24,24Bw06,to,to,Function,ADP
24,24Bw07,changes,changes,Content,NOUN
24,24Bw08,in,in,Function,ADP
24,24Bw09,brain,brain,Content,NOUN
24,24Bw10,structure,structure,Content,NOUN
24,24Bw11,that,that,Function,PRON
24,24Bw12,suggest,suggest,Content,VERB
24,24Bw13,premature,premature,Content,ADJ
24,24Bw14,aging,"aging,",Content,NOUN
24,24Bw15,researchers,researchers,Content,NOUN
24,24Bw16,report,report.,Content,VERB
25,25Aw01,Many,Many,Content,ADJ
25,25Aw02,patients,patients,Content,NOUN
25,25Aw03,with,with,Function,ADP
25,25Aw04,the,the,Function,DET
25,25Aw05,mysterious,mysterious,Content,ADJ
25,25Aw06,illness,illness,Content,NOUN
25,25Aw07,have,have,Content,AUX
25,25Aw08,wound,wound,Content,VERB
25,25Aw09,up,up,Function,ADP
25,25Aw10,hospitalized,hospitalized,Content,VERB
25,25Aw11,in,in,Function,ADP
25,25Aw12,intensive,intensive,Content,ADJ
25,25Aw13,care,care,Content,NOUN
25,25Aw14,units,"units,",Content,NOUN
25,25Aw15,needing,needing,Content,VERB
25,25Aw16,ventilators,ventilators,Content,NOUN
25,25Aw17,or,or,Function,CCONJ
25,25Aw18,even,even,Content,ADV
25,25Aw19,more,more,Content,ADV
25,25Aw20,desperate,desperate,Content,ADJ
25,25Aw21,measures,measures,Content,NOUN
25,25Aw22,to,to,Function,PART
25,25Aw23,help,help,Content,VERB
25,25Aw24,them,them,Function,PRON
25,25Aw25,breathe,breathe.,Content,VERB
25,25Bw01,Most,Most,Content,ADJ
25,25Bw02,are,are,Content,AUX
25,25Bw03,young,"young,",Content,ADJ
25,25Bw04,male,male,Content,ADJ
25,25Bw05,adults,adults,Content,NOUN
25,25Bw06,or,or,Function,CCONJ
25,25Bw07,even,even,Content,ADV
25,25Bw08,teenagers,teenagers.,Content,NOUN
26,26Aw01,The,The,Function,DET
26,26Aw02,ground,ground,Content,NOUN
26,26Aw03,around,around,Function,ADP
26,26Aw04,the,the,Function,DET
26,26Aw05,building,building,Content,NOUN
26,26Aw06,slopes,slopes,Content,VERB
26,26Aw07,away,away.,Content,ADV
26,26Bw01,That,That,Function,PRON
26,26Bw02,allows,allows,Content,VERB
26,26Bw03,the,the,Function,DET
26,26Bw04,classroom,classroom,Content,NOUN
26,26Bw05,windows,windows,Content,NOUN
26,26Bw06,to,to,Function,PART
26,26Bw07,be,be,Content,AUX
26,26Bw08,low,low,Content,ADJ
26,26Bw09,enough,enough,Content,ADV
26,26Bw10,for,for,Function,SCONJ
26,26Bw11,children,children,Content,NOUN
26,26Bw12,to,to,Function,PART
26,26Bw13,see,see,Content,VERB
26,26Bw14,out,out,Function,ADP
26,26Bw15,while,while,Function,SCONJ
26,26Bw16,still,still,Content,ADV
26,26Bw17,being,being,Content,AUX
26,26Bw18,high,high,Content,ADV
26,26Bw19,above,above,Function,ADP
26,26Bw20,the,the,Function,DET
26,26Bw21,ground,ground.,Content,NOUN
27,27Aw01,A,A,Function,DET
27,27Aw02,surge,surge,Content,NOUN
27,27Aw03,of,of,Function,ADP
27,27Aw04,oil,oil,Content,NOUN
27,27Aw05,production,production,Content,NOUN
27,27Aw06,is,is,Content,AUX
27,27Aw07,coming,"coming,",Content,VERB
27,27Aw08,whether,whether,Function,SCONJ
27,27Aw09,the,the,Function,DET
27,27Aw10,world,world,Content,NOUN
27,27Aw11,needs,needs,Content,VERB
27,27Aw12,it,it,Function,PRON
27,27Aw13,or,or,Function,CCONJ
27,27Aw14,not,not.,Content,PART
27,27Bw01,The,The,Function,DET
27,27Bw02,flood,flood,Content,NOUN
27,27Bw03,of,of,Function,ADP
27,27Bw04,crude,crude,Content,NOUN
27,27Bw05,will,will,Function,AUX
27,27Bw06,arrive,arrive,Content,VERB
27,27Bw07,even,even,Content,ADV
27,27Bw08,as,as,Function,SCONJ
27,27Bw09,concerns,concerns,Content,NOUN
27,27Bw10,about,about,Function,ADP
27,27Bw11,climate,climate,Content,NOUN
27,27Bw12,change,change,Content,NOUN
27,27Bw13,are,are,Content,AUX
27,27Bw14,growing,growing,Content,VERB
27,27Bw15,and,and,Function,CCONJ
27,27Bw16,worldwide,worldwide,Content,ADJ
27,27Bw17,oil,oil,Content,NOUN
27,27Bw18,demand,demand,Content,NOUN
27,27Bw19,is,is,Content,AUX
27,27Bw20,slowing,slowing.,Content,VERB
28,28Aw01,Farmers,Farmers,Content,NOUN
28,28Aw02,and,and,Function,CCONJ
28,28Aw03,plant,plant,Content,NOUN
28,28Aw04,breeders,breeders,Content,NOUN
28,28Aw05,are,are,Content,AUX
28,28Aw06,in,in,Function,ADP
28,28Aw07,a,a,Function,DET
28,28Aw08,race,race,Content,NOUN
28,28Aw09,against,against,Function,ADP
28,28Aw10,time,time.,Content,NOUN
28,28Bw01,The,The,Function,DET
28,28Bw02,world,world,Content,NOUN
28,28Bw03,population,population,Content,NOUN
28,28Bw04,is,is,Content,AUX
28,28Bw05,growing,growing,Content,VERB
28,28Bw06,rapidly,"rapidly,",Content,ADV
28,28Bw07,requiring,requiring,Content,VERB
28,28Bw08,ever,ever,Content,ADV
28,28Bw09,more,more,Content,ADJ
28,28Bw10,food,"food,",Content,NOUN
28,28Bw11,but,but,Function,CCONJ
28,28Bw12,the,the,Function,DET
28,28Bw13,amount,amount,Content,NOUN
28,28Bw14,of,of,Function,ADP
28,28Bw15,cultivable,cultivable,Content,ADJ
28,28Bw16,land,land,Content,NOUN
28,28Bw17,is,is,Content,AUX
28,28Bw18,limited,limited.,Content,VERB
29,29Aw01,Two,Two,Function,NUM
29,29Aw02,young,young,Content,ADJ
29,29Aw03,black,black,Content,ADJ
29,29Aw04,women,women,Content,NOUN
29,29Aw05,face,face,Content,VERB
29,29Aw06,futures,futures,Content,NOUN
29,29Aw07,made,made,Content,VERB
29,29Aw08,precarious,precarious,Content,ADJ
29,29Aw09,by,by,Function,ADP
29,29Aw10,sudden,sudden,Content,ADJ
29,29Aw11,violence,violence,Content,NOUN
29,29Aw12,wrought,wrought,Content,VERB
29,29Aw13,by,by,Function,ADP
29,29Aw14,men,men,Content,NOUN
29,29Aw15,in,in,Function,ADP
29,29Aw16,their,their,Function,PRON
29,29Aw17,lives,lives.,Content,NOUN
29,29Bw01,One,One,Function,NUM
29,29Bw02,is,is,Content,AUX
29,29Bw03,a,a,Function,DET
29,29Bw04,shy,shy,Content,ADJ
29,29Bw05,Florida,Florida,Content,PROPN
29,29Bw06,high,high,Content,ADJ
29,29Bw07,schooler,schooler,Content,NOUN
29,29Bw08,struggling,struggling,Content,VERB
29,29Bw09,to,to,Function,PART
29,29Bw10,find,find,Content,VERB
29,29Bw11,solace,solace,Content,NOUN
29,29Bw12,as,as,Function,SCONJ
29,29Bw13,her,her,Function,PRON
29,29Bw14,family,family,Content,NOUN
29,29Bw15,tears,tears,Content,VERB
29,29Bw16,itself,itself,Function,PRON
29,29Bw17,apart,apart.,Content,ADV
30,30Aw01,One,One,Function,NUM
30,30Aw02,benefit,benefit,Content,NOUN
30,30Aw03,of,of,Function,ADP
30,30Aw04,discovery,discovery,Content,NOUN
30,30Aw05,is,is,Content,AUX
30,30Aw06,that,that,Function,SCONJ
30,30Aw07,you,you,Function,PRON
30,30Aw08,get,get,Content,VERB
30,30Aw09,to,to,Function,PART
30,30Aw10,name,name,Content,VERB
30,30Aw11,the,the,Function,DET
30,30Aw12,things,things,Content,NOUN
30,30Aw13,you,you,Function,PRON
30,30Aw14,discovered,discovered.,Content,VERB
30,30Bw01,Astronomy,Astronomy,Content,NOUN
30,30Bw02,is,is,Content,AUX
30,30Bw03,blessed,blessed,Content,VERB
30,30Bw04,in,in,Function,ADP
30,30Bw05,this,this,Function,DET
30,30Bw06,regard,regard.,Content,NOUN
31,31Aw01,On,On,Function,ADP
31,31Aw02,bright,bright,Content,ADJ
31,31Aw03,mornings,mornings,Content,NOUN
31,31Aw04,in,in,Function,ADP
31,31Aw05,the,the,Function,DET
31,31Aw06,tropics,"tropics,",Content,NOUN
31,31Aw07,crocodiles,crocodiles,Content,NOUN
31,31Aw08,haul,haul,Content,VERB
31,31Aw09,themselves,themselves,Function,PRON
31,31Aw10,out,out,Function,ADP
31,31Aw11,of,of,Function,ADP
31,31Aw12,the,the,Function,DET
31,31Aw13,water,water,Content,NOUN
31,31Aw14,to,to,Function,PART
31,31Aw15,bask,bask,Content,VERB
31,31Aw16,in,in,Function,ADP
31,31Aw17,the,the,Function,DET
31,31Aw18,sun,sun.,Content,NOUN
31,31Bw01,Like,Like,Function,ADP
31,31Bw02,other,other,Content,ADJ
31,31Bw03,reptiles,"reptiles,",Content,NOUN
31,31Bw04,they,they,Function,PRON
31,31Bw05,rely,rely,Content,VERB
31,31Bw06,on,on,Function,ADP
31,31Bw07,its,its,Function,PRON
31,31Bw08,warmth,warmth,Content,NOUN
31,31Bw09,to,to,Function,PART
31,31Bw10,help,help,Content,VERB
31,31Bw11,fuel,fuel,Content,VERB
31,31Bw12,their,their,Function,PRON
31,31Bw13,metabolisms,metabolisms.,Content,NOUN
32,32Aw01,Elephants,Elephants,Content,NOUN
32,32Aw02,keep,keep,Content,AUX
32,32Aw03,surprising,surprising,Content,VERB
32,32Aw04,us,us.,Function,PRON
32,32Bw01,They,They,Function,PRON
32,32Bw02,live,live,Content,VERB
32,32Bw03,complex,complex,Content,ADJ
32,32Bw04,social,social,Content,ADJ
32,32Bw05,lives,"lives,",Content,NOUN
32,32Bw06,cooperate,"cooperate,",Content,VERB
32,32Bw07,show,show,Content,VERB
32,32Bw08,altruism,altruism,Content,NOUN
32,32Bw09,and,and,Function,CCONJ
32,32Bw10,grieve,grieve,Content,VERB
32,32Bw11,their,their,Function,PRON
32,32Bw12,dead,dead.,Content,NOUN
33,33Aw01,The,The,Function,DET
33,33Aw02,overwhelming,overwhelming,Content,ADJ
33,33Aw03,majority,majority,Content,NOUN
33,33Aw04,of,of,Function,ADP
33,33Aw05,snails,snails,Content,NOUN
33,33Aw06,live,live,Content,VERB
33,33Aw07,in,in,Function,ADP
33,33Aw08,shells,shells,Content,NOUN
33,33Aw09,that,that,Function,PRON
33,33Aw10,coil,coil,Content,VERB
33,33Aw11,to,to,Function,ADP
33,33Aw12,the,the,Function,DET
33,33Aw13,right,right.,Content,NOUN
33,33Bw01,But,But,Function,CCONJ
33,33Bw02,occasionally,occasionally,Content,ADV
33,33Bw03,some,some,Function,PRON
33,33Bw04,are,are,Content,AUX
33,33Bw05,born,born,Content,VERB
33,33Bw06,with,with,Function,ADP
33,33Bw07,shells,shells,Content,NOUN
33,33Bw08,that,that,Function,PRON
33,33Bw09,turn,turn,Content,VERB
33,33Bw10,the,the,Function,DET
33,33Bw11,other,other,Content,ADJ
33,33Bw12,way,way.,Content,NOUN
34,34Aw01,To,To,Function,PART
34,34Aw02,visit,visit,Content,VERB
34,34Aw03,Venezuela,Venezuela,Content,PROPN
34,34Aw04,today,today,Content,NOUN
34,34Aw05,is,is,Content,AUX
34,34Aw06,to,to,Function,PART
34,34Aw07,see,see,Content,VERB
34,34Aw08,how,how,Content,SCONJ
34,34Aw09,misrule,misrule,Content,NOUN
34,34Aw10,can,can,Function,AUX
34,34Aw11,shatter,shatter,Content,VERB
34,34Aw12,a,a,Function,DET
34,34Aw13,country,country.,Content,NOUN
34,34Bw01,Years,Years,Content,NOUN
34,34Bw02,of,of,Function,ADP
34,34Bw03,corrupt,"corrupt,",Content,ADJ
34,34Bw04,incompetent,incompetent,Content,ADJ
34,34Bw05,and,and,Function,CCONJ
34,34Bw06,autocratic,autocratic,Content,ADJ
34,34Bw07,rule,rule,Content,NOUN
34,34Bw08,have,have,Content,AUX
34,34Bw09,left,left,Content,VERB
34,34Bw10,Venezuelans,Venezuelans,Content,PROPN
34,34Bw11,hungry,hungry,Content,ADJ
34,34Bw12,and,and,Function,CCONJ
34,34Bw13,children,children,Content,NOUN
34,34Bw14,dying,dying,Content,VERB
34,34Bw15,for,for,Function,ADP
34,34Bw16,want,want,Content,NOUN
34,34Bw17,of,of,Function,ADP
34,34Bw18,basic,basic,Content,ADJ
34,34Bw19,medical,medical,Content,ADJ
34,34Bw20,care,care.,Content,NOUN
35,35Aw01,California,California,Content,PROPN
35,35Aw02,has,has,Content,AUX
35,35Aw03,positioned,positioned,Content,VERB
35,35Aw04,itself,itself,Function,PRON
35,35Aw05,as,as,Function,ADP
35,35Aw06,a,a,Function,DET
35,35Aw07,leader,leader,Content,NOUN
35,35Aw08,in,in,Function,ADP
35,35Aw09,the,the,Function,DET
35,35Aw10,fight,fight,Content,NOUN
35,35Aw11,against,against,Function,ADP
35,35Aw12,climate,climate,Content,NOUN
35,35Aw13,change,change.,Content,NOUN
35,35Bw01,It,It,Function,PRON
35,35Bw02,leads,leads,Content,VERB
35,35Bw03,the,the,Function,DET
35,35Bw04,nation,nation,Content,NOUN
35,35Bw05,by,by,Function,ADP
35,35Bw06,far,far,Content,ADV
35,35Bw07,in,in,Function,ADP
35,35Bw08,solar,solar,Content,ADJ
35,35Bw09,power,power.,Content,NOUN
36,36Aw01,This,This,Function,PRON
36,36Aw02,has,has,Content,AUX
36,36Aw03,been,been,Content,AUX
36,36Aw04,a,a,Function,DET
36,36Aw05,golden,golden,Content,ADJ
36,36Aw06,age,age,Content,NOUN
36,36Aw07,for,for,Function,ADP
36,36Aw08,brain,brain,Content,NOUN
36,36Aw09,research,research.,Content,NOUN
36,36Bw01,We,We,Function,PRON
36,36Bw02,now,now,Content,ADV
36,36Bw03,have,have,Content,VERB
36,36Bw04,amazing,amazing,Content,ADJ
36,36Bw05,brain,brain,Content,NOUN
36,36Bw06,scans,scans,Content,NOUN
36,36Bw07,that,that,Function,PRON
36,36Bw08,show,show,Content,VERB
36,36Bw09,which,which,Function,DET
36,36Bw10,networks,networks,Content,NOUN
36,36Bw11,in,in,Function,ADP
36,36Bw12,the,the,Function,DET
36,36Bw13,brain,brain,Content,NOUN
36,36Bw14,ramp,ramp,Content,VERB
36,36Bw15,up,up,Content,ADP
36,36Bw16,during,during,Function,ADP
36,36Bw17,different,different,Content,ADJ
36,36Bw18,activities,activities.,Content,NOUN
37,37Aw01,Student,Student,Content,NOUN
37,37Aw02,debt,debt,Content,NOUN
37,37Aw03,is,is,Content,AUX
37,37Aw04,spiraling,"spiraling,",Content,VERB
37,37Aw05,and,and,Function,CCONJ
37,37Aw06,young,young,Content,ADJ
37,37Aw07,people,people,Content,NOUN
37,37Aw08,are,are,Content,AUX
37,37Aw09,defaulting,defaulting,Content,VERB
37,37Aw10,on,on,Function,ADP
37,37Aw11,their,their,Function,PRON
37,37Aw12,loans,loans.,Content,NOUN
37,37Bw01,You,You,Function,PRON
37,37Bw02,might,might,Function,AUX
37,37Bw03,think,think,Content,VERB
37,37Bw04,that,that,Function,SCONJ
37,37Bw05,students,students,Content,NOUN
37,37Bw06,would,would,Function,AUX
37,37Bw07,be,be,Content,AUX
37,37Bw08,better,better,Content,ADJ
37,37Bw09,off,off,Function,ADP
37,37Bw10,scraping,scraping,Content,VERB
37,37Bw11,by,by,Function,ADP
37,37Bw12,with,with,Function,ADP
37,37Bw13,no,no,Function,DET
37,37Bw14,loans,loans,Content,NOUN
37,37Bw15,at,at,Function,ADV
37,37Bw16,all,all.,Function,ADV
38,38Aw01,The,The,Function,DET
38,38Aw02,bombs,bombs,Content,NOUN
38,38Aw03,smashed,smashed,Content,VERB
38,38Aw04,into,into,Function,ADP
38,38Aw05,a,a,Function,DET
38,38Aw06,child,child,Content,NOUN
38,38Aw07,care,care,Content,NOUN
38,38Aw08,center,"center,",Content,NOUN
38,38Aw09,a,a,Function,DET
38,38Aw10,refugee,refugee,Content,NOUN
38,38Aw11,camp,camp,Content,NOUN
38,38Aw12,and,and,Function,CCONJ
38,38Aw13,a,a,Function,DET
38,38Aw14,school,school.,Content,NOUN
38,38Bw01,They,They,Function,PRON
38,38Bw02,destroyed,destroyed,Content,VERB
38,38Bw03,makeshift,makeshift,Content,ADJ
38,38Bw04,clinics,clinics,Content,NOUN
38,38Bw05,and,and,Function,CCONJ
38,38Bw06,hospitals,"hospitals,",Content,NOUN
38,38Bw07,disabling,disabling,Content,VERB
38,38Bw08,essential,essential,Content,ADJ
38,38Bw09,services,services,Content,NOUN
38,38Bw10,for,for,Function,ADP
38,38Bw11,tens,tens,Content,NOUN
38,38Bw12,of,of,Function,ADP
38,38Bw13,thousands,thousands,Content,NOUN
38,38Bw14,of,of,Function,ADP
38,38Bw15,people,people.,Content,NOUN
39,39Aw01,To,To,Function,PART
39,39Aw02,make,make,Content,VERB
39,39Aw03,it,it,Function,PRON
39,39Aw04,to,to,Function,ADP
39,39Aw05,the,the,Function,DET
39,39Aw06,big,big,Content,ADJ
39,39Aw07,game,"game,",Content,NOUN
39,39Aw08,the,the,Function,DET
39,39Aw09,Saudi,Saudi,Content,ADJ
39,39Aw10,soccer,soccer,Content,NOUN
39,39Aw11,fan,fan,Content,NOUN
39,39Aw12,resorted,resorted,Content,VERB
39,39Aw13,to,to,Function,ADP
39,39Aw14,unusual,unusual,Content,ADJ
39,39Aw15,measures,measures.,Content,NOUN
39,39Bw01,He,He,Function,PRON
39,39Bw02,first,first,Content,ADV
39,39Bw03,flew,flew,Content,VERB
39,39Bw04,to,to,Function,ADP
39,39Bw05,Kuwait,"Kuwait,",Content,PROPN
39,39Bw06,where,where,Content,SCONJ
39,39Bw07,he,he,Function,PRON
39,39Bw08,told,told,Content,VERB
39,39Bw09,his,his,Function,PRON
39,39Bw10,parents,parents,Content,NOUN
39,39Bw11,he,he,Function,PRON
39,39Bw12,was,was,Content,AUX
39,39Bw13,going,going,Content,VERB
39,39Bw14,on,on,Function,ADP
39,39Bw15,vacation,vacation.,Content,NOUN
40,40Aw01,It,It,Function,PRON
40,40Aw02,was,was,Content,AUX
40,40Aw03,bound,bound,Content,VERB
40,40Aw04,to,to,Function,PART
40,40Aw05,happen,happen.,Content,VERB
40,40Bw01,Toothpaste,"Toothpaste,",Content,NOUN
40,40Bw02,perhaps,perhaps,Content,ADV
40,40Bw03,the,the,Function,DET
40,40Bw04,last,last,Content,ADJ
40,40Bw05,part,part,Content,NOUN
40,40Bw06,of,of,Function,ADP
40,40Bw07,your,your,Function,PRON
40,40Bw08,daily,daily,Content,ADJ
40,40Bw09,grooming,grooming,Content,NOUN
40,40Bw10,regimen,regimen,Content,NOUN
40,40Bw11,that,that,Function,PRON
40,40Bw12,had,had,Content,AUX
40,40Bw13,not,not,Content,PART
40,40Bw14,been,been,Content,AUX
40,40Bw15,gussied,gussied,Content,VERB
40,40Bw16,up,"up,",Function,ADP
40,40Bw17,has,has,Content,AUX
40,40Bw18,now,now,Content,ADV
40,40Bw19,been,been,Content,AUX
40,40Bw20,rethought,rethought.,Content,VERB
41,41Aw01,Done,Done,Content,VERB
41,41Aw02,correctly,"correctly,",Content,ADV
41,41Aw03,exfoliation,exfoliation,Content,NOUN
41,41Aw04,helps,helps,Content,VERB
41,41Aw05,your,your,Function,PRON
41,41Aw06,skin,skin,Content,NOUN
41,41Aw07,purge,purge,Content,VERB
41,41Aw08,dead,dead,Content,ADJ
41,41Aw09,cells,"cells,",Content,NOUN
41,41Aw10,revealing,revealing,Content,VERB
41,41Aw11,a,a,Function,DET
41,41Aw12,better,better,Content,ADJ
41,41Aw13,complexion,complexion,Content,NOUN
41,41Aw14,underneath,underneath.,Function,ADV
41,41Bw01,That,That,Function,DET
41,41Bw02,magic,magic,Content,NOUN
41,41Bw03,draws,draws,Content,VERB
41,41Bw04,us,us,Function,PRON
41,41Bw05,to,to,Function,ADP
41,41Bw06,the,the,Function,DET
41,41Bw07,practice,practice,Content,NOUN
41,41Bw08,but,but,Function,CCONJ
41,41Bw09,also,also,Content,ADV
41,41Bw10,makes,makes,Content,VERB
41,41Bw11,us,us,Function,PRON
41,41Bw12,overzealous,overzealous.,Content,ADJ
42,42Aw01,By,By,Function,ADP
42,42Aw02,the,the,Function,DET
42,42Aw03,time,time,Content,NOUN
42,42Aw04,most,most,Content,ADJ
42,42Aw05,military,military,Content,ADJ
42,42Aw06,children,children,Content,NOUN
42,42Aw07,complete,complete,Content,VERB
42,42Aw08,secondary,secondary,Content,ADJ
42,42Aw09,school,"school,",Content,NOUN
42,42Aw10,they,they,Function,PRON
42,42Aw11,will,will,Function,AUX
42,42Aw12,have,have,Content,AUX
42,42Aw13,switched,switched,Content,VERB
42,42Aw14,schools,schools,Content,NOUN
42,42Aw15,up,up,Function,ADP
42,42Aw16,to,to,Function,PART
42,42Aw17,nine,nine,Function,NUM
42,42Aw18,times,times.,Content,NOUN
42,42Bw01,These,These,Function,DET
42,42Bw02,frequent,frequent,Content,ADJ
42,42Bw03,changes,changes,Content,NOUN
42,42Bw04,between,between,Function,ADP
42,42Bw05,schools,schools,Content,NOUN
42,42Bw06,of,of,Function,ADP
42,42Bw07,strikingly,strikingly,Content,ADV
42,42Bw08,varying,varying,Content,VERB
42,42Bw09,quality,quality,Content,NOUN
42,42Bw10,trouble,trouble,Content,VERB
42,42Bw11,military,military,Content,ADJ
42,42Bw12,children,children,Content,NOUN
42,42Bw13,both,both,Function,PRON
42,42Bw14,socially,socially,Content,ADV
42,42Bw15,and,and,Function,CCONJ
42,42Bw16,academically,academically.,Content,ADV
43,43Aw01,A,A,Function,DET
43,43Aw02,decade,decade,Content,NOUN
43,43Aw03,ago,"ago,",Content,ADV
43,43Aw04,natural,natural,Content,ADJ
43,43Aw05,gas,gas,Content,NOUN
43,43Aw06,was,was,Content,AUX
43,43Aw07,heralded,heralded,Content,VERB
43,43Aw08,as,as,Function,ADP
43,43Aw09,the,the,Function,DET
43,43Aw10,fuel,fuel,Content,NOUN
43,43Aw11,of,of,Function,ADP
43,43Aw12,the,the,Function,DET
43,43Aw13,future,future.,Content,NOUN
43,43Bw01,In,In,Function,ADP
43,43Bw02,shale,shale,Content,NOUN
43,43Bw03,fields,fields,Content,NOUN
43,43Bw04,across,across,Function,ADP
43,43Bw05,the,the,Function,DET
43,43Bw06,country,"country,",Content,NOUN
43,43Bw07,hydraulic,hydraulic,Content,ADJ
43,43Bw08,fracturing,fracturing,Content,NOUN
43,43Bw09,uncorked,uncorked,Content,VERB
43,43Bw10,a,a,Function,DET
43,43Bw11,lucrative,lucrative,Content,ADJ
43,43Bw12,new,new,Content,ADJ
43,43Bw13,source,source,Content,NOUN
43,43Bw14,of,of,Function,ADP
43,43Bw15,supply,supply.,Content,NOUN
44,44Aw01,Climate,Climate,Content,NOUN
44,44Aw02,change,change,Content,NOUN
44,44Aw03,will,will,Function,AUX
44,44Aw04,inevitably,inevitably,Content,ADV
44,44Aw05,transform,transform,Content,VERB
44,44Aw06,the,the,Function,DET
44,44Aw07,way,way,Content,NOUN
44,44Aw08,the,the,Function,DET
44,44Aw09,world,world,Content,NOUN
44,44Aw10,produces,produces,Content,VERB
44,44Aw11,goods,goods.,Content,NOUN
44,44Bw01,Farmers,Farmers,Content,NOUN
44,44Bw02,who,who,Function,PRON
44,44Bw03,produce,produce,Content,VERB
44,44Bw04,wine,wine,Content,NOUN
44,44Bw05,grapes,"grapes,",Content,NOUN
44,44Bw06,an,an,Function,DET
44,44Bw07,especially,especially,Content,ADV
44,44Bw08,sensitive,sensitive,Content,ADJ
44,44Bw09,crop,"crop,",Content,NOUN
44,44Bw10,are,are,Content,AUX
44,44Bw11,already,already,Content,ADV
44,44Bw12,feeling,feeling,Content,VERB
44,44Bw13,those,those,Function,DET
44,44Bw14,effects,effects.,Content,NOUN
45,45Aw01,Progressives,Progressives,Content,NOUN
45,45Aw02,have,have,Content,AUX
45,45Aw03,long,long,Content,ADV
45,45Aw04,looked,looked,Content,VERB
45,45Aw05,to,to,Function,ADP
45,45Aw06,federal,federal,Content,ADJ
45,45Aw07,courts,courts,Content,NOUN
45,45Aw08,to,to,Function,PART
45,45Aw09,guard,guard,Content,VERB
45,45Aw10,the,the,Function,DET
45,45Aw11,rights,rights,Content,NOUN
45,45Aw12,of,of,Function,ADP
45,45Aw13,racial,racial,Content,ADJ
45,45Aw14,minorities,minorities,Content,NOUN
45,45Aw15,and,and,Function,CCONJ
45,45Aw16,dissenters,dissenters.,Content,NOUN
45,45Bw01,But,But,Function,CCONJ
45,45Bw02,that,that,Function,DET
45,45Bw03,protection,protection,Content,NOUN
45,45Bw04,is,is,Content,AUX
45,45Bw05,weakening,weakening.,Content,VERB
46,46Aw01,Ten,Ten,Function,NUM
46,46Aw02,years,years,Content,NOUN
46,46Aw03,ago,"ago,",Content,ADV
46,46Aw04,checklists,checklists,Content,NOUN
46,46Aw05,for,for,Function,ADP
46,46Aw06,surgeons,surgeons,Content,NOUN
46,46Aw07,were,were,Content,AUX
46,46Aw08,all,all,Function,DET
46,46Aw09,the,the,Function,DET
46,46Aw10,rage,rage.,Content,NOUN
46,46Bw01,Inspired,Inspired,Content,VERB
46,46Bw02,by,by,Function,ADP
46,46Bw03,the,the,Function,DET
46,46Bw04,preflight,preflight,Content,ADJ
46,46Bw05,routines,routines,Content,NOUN
46,46Bw06,of,of,Function,ADP
46,46Bw07,airline,airline,Content,NOUN
46,46Bw08,pilots,"pilots,",Content,NOUN
46,46Bw09,surgical,surgical,Content,ADJ
46,46Bw10,checklists,checklists,Content,NOUN
46,46Bw11,were,were,Content,AUX
46,46Bw12,shown,shown,Content,VERB
46,46Bw13,to,to,Function,PART
46,46Bw14,prevent,prevent,Content,VERB
46,46Bw15,tragic,tragic,Content,ADJ
46,46Bw16,errors,"errors,",Content,NOUN
46,46Bw17,reduce,reduce,Content,VERB
46,46Bw18,infections,infections,Content,NOUN
46,46Bw19,and,and,Function,CCONJ
46,46Bw20,save,save,Content,VERB
46,46Bw21,lives,lives.,Content,NOUN
47,47Aw01,The,The,Function,DET
47,47Aw02,many,many,Content,ADJ
47,47Aw03,whiskeys,whiskeys,Content,NOUN
47,47Aw04,of,of,Function,ADP
47,47Aw05,Japan,Japan,Content,PROPN
47,47Aw06,are,are,Content,AUX
47,47Aw07,complex,complex,Content,ADJ
47,47Aw08,and,and,Function,CCONJ
47,47Aw09,often,often,Content,ADV
47,47Aw10,expensive,expensive.,Content,ADJ
47,47Bw01,Learning,Learning,Content,VERB
47,47Bw02,about,about,Function,ADP
47,47Bw03,them,them,Function,PRON
47,47Bw04,can,can,Function,AUX
47,47Bw05,be,be,Content,AUX
47,47Bw06,a,a,Function,DET
47,47Bw07,challenge,challenge.,Content,NOUN
48,48Aw01,Dublin,Dublin,Content,PROPN
48,48Aw02,has,has,Content,AUX
48,48Aw03,long,long,Content,ADV
48,48Aw04,been,been,Content,AUX
48,48Aw05,a,a,Function,DET
48,48Aw06,beer,beer,Content,NOUN
48,48Aw07,and,and,Function,CCONJ
48,48Aw08,whiskey,whiskey,Content,NOUN
48,48Aw09,town,town.,Content,NOUN
48,48Bw01,For,For,Function,ADP
48,48Bw02,generations,generations,Content,NOUN
48,48Bw03,pubs,pubs,Content,NOUN
48,48Bw04,poured,poured,Content,VERB
48,48Bw05,the,the,Function,DET
48,48Bw06,same,same,Content,ADJ
48,48Bw07,pints,pints,Content,NOUN
48,48Bw08,of,of,Function,ADP
48,48Bw09,stout,stout,Content,NOUN
48,48Bw10,and,and,Function,CCONJ
48,48Bw11,familiar,familiar,Content,ADJ
48,48Bw12,bottles,bottles,Content,NOUN
48,48Bw13,of,of,Function,ADP
48,48Bw14,whiskey,"whiskey,",Content,NOUN
48,48Bw15,but,but,Function,CCONJ
48,48Bw16,in,in,Function,ADP
48,48Bw17,recent,recent,Content,ADJ
48,48Bw18,years,years,Content,NOUN
48,48Bw19,a,a,Function,DET
48,48Bw20,shift,shift,Content,NOUN
48,48Bw21,has,has,Content,AUX
48,48Bw22,shaken,shaken,Content,VERB
48,48Bw23,the,the,Function,DET
48,48Bw24,local,local,Content,ADJ
48,48Bw25,drinking,drinking,Content,NOUN
48,48Bw26,scene,scene.,Content,NOUN
49,49Aw01,For,For,Function,ADP
49,49Aw02,airlines,"airlines,",Content,NOUN
49,49Aw03,time,time,Content,NOUN
49,49Aw04,on,on,Function,ADP
49,49Aw05,the,the,Function,DET
49,49Aw06,ground,ground,Content,NOUN
49,49Aw07,is,is,Content,AUX
49,49Aw08,money,money.,Content,NOUN
49,49Bw01,Financially,Financially,Content,ADV
49,49Bw02,speaking,"speaking,",Content,VERB
49,49Bw03,planes,planes,Content,NOUN
49,49Bw04,only,only,Content,ADV
49,49Bw05,earn,earn,Content,VERB
49,49Bw06,revenue,revenue,Content,NOUN
49,49Bw07,for,for,Function,ADP
49,49Bw08,their,their,Function,PRON
49,49Bw09,companies,companies,Content,NOUN
49,49Bw10,when,when,Content,SCONJ
49,49Bw11,they,they,Function,PRON
49,49Bw12,are,are,Content,AUX
49,49Bw13,in,in,Function,ADP
49,49Bw14,the,the,Function,DET
49,49Bw15,air,"air,",Content,NOUN
49,49Bw16,ferrying,ferrying,Content,VERB
49,49Bw17,paying,paying,Content,VERB
49,49Bw18,passengers,passengers.,Content,NOUN
50,50Aw01,Traveling,Traveling,Content,NOUN
50,50Aw02,can,can,Function,AUX
50,50Aw03,wreak,wreak,Content,VERB
50,50Aw04,havoc,havoc,Content,NOUN
50,50Aw05,on,on,Function,ADP
50,50Aw06,your,your,Function,PRON
50,50Aw07,fitness,fitness.,Content,NOUN
50,50Bw01,If,If,Function,SCONJ
50,50Bw02,you,you,Function,PRON
50,50Bw03,are,are,Content,AUX
50,50Bw04,lucky,"lucky,",Content,ADJ
50,50Bw05,all,all,Function,DET
50,50Bw06,the,the,Function,DET
50,50Bw07,sightseeing,sightseeing,Content,NOUN
50,50Bw08,you,you,Function,PRON
50,50Bw09,do,do,Content,VERB
50,50Bw10,on,on,Function,ADP
50,50Bw11,foot,foot,Content,NOUN
50,50Bw12,will,will,Function,AUX
50,50Bw13,cancel,cancel,Content,VERB
50,50Bw14,out,out,Function,ADP
50,50Bw15,the,the,Function,DET
50,50Bw16,nighttime,nighttime,Content,NOUN
50,50Bw17,eating,eating,Content,NOUN
50,50Bw18,and,and,Function,CCONJ
50,50Bw19,drinking,drinking.,Content,NOUN
51,51Aw01,Even,Even,Content,ADV
51,51Aw02,if,if,Function,SCONJ
51,51Aw03,you,you,Function,PRON
51,51Aw04,strive,strive,Content,VERB
51,51Aw05,for,for,Function,ADP
51,51Aw06,a,a,Function,DET
51,51Aw07,sustainable,sustainable,Content,ADJ
51,51Aw08,lifestyle,lifestyle,Content,NOUN
51,51Aw09,at,at,Function,ADP
51,51Aw10,home,"home,",Content,NOUN
51,51Aw11,it,it,Function,PRON
51,51Aw12,may,may,Function,AUX
51,51Aw13,be,be,Content,AUX
51,51Aw14,tempting,tempting,Content,ADJ
51,51Aw15,to,to,Function,PART
51,51Aw16,avoid,avoid,Content,VERB
51,51Aw17,thinking,thinking,Content,VERB
51,51Aw18,about,about,Function,ADP
51,51Aw19,the,the,Function,DET
51,51Aw20,impact,impact,Content,NOUN
51,51Aw21,your,your,Function,PRON
51,51Aw22,travels,travels,Content,NOUN
51,51Aw23,could,could,Function,AUX
51,51Aw24,have,have,Content,VERB
51,51Aw25,on,on,Function,ADP
51,51Aw26,the,the,Function,DET
51,51Aw27,environment,environment.,Content,NOUN
51,51Bw01,No,No,Function,DET
51,51Bw02,one,one,Content,NOUN
51,51Bw03,wants,wants,Content,VERB
51,51Bw04,to,to,Function,PART
51,51Bw05,feel,feel,Content,VERB
51,51Bw06,guilty,guilty,Content,ADJ
51,51Bw07,on,on,Function,ADP
51,51Bw08,vacation,vacation.,Content,NOUN
52,52Aw01,Great,Great,Content,ADJ
52,52Aw02,snow,snow,Content,NOUN
52,52Aw03,conditions,conditions,Content,NOUN
52,52Aw04,can,can,Function,AUX
52,52Aw05,make,make,Content,VERB
52,52Aw06,a,a,Function,DET
52,52Aw07,ski,ski,Content,NOUN
52,52Aw08,trip,trip,Content,NOUN
52,52Aw09,magical,magical.,Content,ADJ
52,52Bw01,Skiers,Skiers,Content,NOUN
52,52Bw02,can,can,Function,AUX
52,52Bw03,weight,weight,Content,VERB
52,52Bw04,the,the,Function,DET
52,52Bw05,odds,odds,Content,NOUN
52,52Bw06,in,in,Function,ADP
52,52Bw07,their,their,Function,PRON
52,52Bw08,favor,favor,Content,NOUN
52,52Bw09,by,by,Function,ADP
52,52Bw10,picking,picking,Content,VERB
52,52Bw11,their,their,Function,PRON
52,52Bw12,destinations,destinations,Content,NOUN
52,52Bw13,according,according,Content,VERB
52,52Bw14,to,to,Function,ADP
52,52Bw15,the,the,Function,DET
52,52Bw16,time,time,Content,NOUN
52,52Bw17,of,of,Function,ADP
52,52Bw18,winter,winter.,Content,NOUN
53,53Aw01,Tent,Tent,Content,NOUN
53,53Aw02,camping,camping,Content,NOUN
53,53Aw03,should,should,Function,AUX
53,53Aw04,be,be,Content,AUX
53,53Aw05,one,one,Function,NUM
53,53Aw06,of,of,Function,ADP
53,53Aw07,the,the,Function,DET
53,53Aw08,cheapest,cheapest,Content,ADJ
53,53Aw09,forms,forms,Content,NOUN
53,53Aw10,of,of,Function,ADP
53,53Aw11,travel,"travel,",Content,NOUN
53,53Aw12,subject,subject,Content,ADJ
53,53Aw13,to,to,Function,ADP
53,53Aw14,nominal,nominal,Content,ADJ
53,53Aw15,campsite,campsite,Content,NOUN
53,53Aw16,and,and,Function,CCONJ
53,53Aw17,park,park,Content,NOUN
53,53Aw18,admission,admission,Content,NOUN
53,53Aw19,fees,fees.,Content,NOUN
53,53Bw01,But,"But,",Function,CCONJ
53,53Bw02,short,short,Content,ADJ
53,53Bw03,of,of,Function,ADP
53,53Bw04,borrowing,borrowing,Content,VERB
53,53Bw05,gear,"gear,",Content,NOUN
53,53Bw06,bringing,bringing,Content,VERB
53,53Bw07,your,your,Function,PRON
53,53Bw08,own,own,Content,ADJ
53,53Bw09,bedroll,bedroll,Content,NOUN
53,53Bw10,and,and,Function,CCONJ
53,53Bw11,shelter,shelter,Content,NOUN
53,53Bw12,can,can,Function,AUX
53,53Bw13,be,be,Content,AUX
53,53Bw14,costly,costly.,Content,ADJ
54,54Aw01,Family,Family,Content,NOUN
54,54Aw02,separations,separations,Content,NOUN
54,54Aw03,at,at,Function,ADP
54,54Aw04,the,the,Function,DET
54,54Aw05,border,border,Content,NOUN
54,54Aw06,are,are,Content,AUX
54,54Aw07,not,not,Content,PART
54,54Aw08,the,the,Function,DET
54,54Aw09,only,only,Content,ADJ
54,54Aw10,crisis,crisis,Content,NOUN
54,54Aw11,immigrant,immigrant,Content,ADJ
54,54Aw12,children,children,Content,NOUN
54,54Aw13,face,face.,Content,VERB
54,54Bw01,Children,Children,Content,NOUN
54,54Bw02,who,who,Function,PRON
54,54Bw03,were,were,Content,AUX
54,54Bw04,taken,taken,Content,VERB
54,54Bw05,from,from,Function,ADP
54,54Bw06,their,their,Function,PRON
54,54Bw07,parents,"parents,",Content,NOUN
54,54Bw08,or,or,Function,CCONJ
54,54Bw09,who,who,Function,PRON
54,54Bw10,crossed,crossed,Content,VERB
54,54Bw11,the,the,Function,DET
54,54Bw12,border,border,Content,NOUN
54,54Bw13,alone,"alone,",Content,ADV
54,54Bw14,also,also,Content,ADV
54,54Bw15,go,go,Content,VERB
54,54Bw16,to,to,Function,ADP
54,54Bw17,their,their,Function,PRON
54,54Bw18,immigration,immigration,Content,NOUN
54,54Bw19,hearings,hearings,Content,NOUN
54,54Bw20,alone,alone.,Content,ADV
55,55Aw01,Winning,Winning,Content,VERB
55,55Aw02,civil,civil,Content,ADJ
55,55Aw03,rights,rights,Content,NOUN
55,55Aw04,is,is,Content,AUX
55,55Aw05,never,never,Content,ADV
55,55Aw06,easy,easy.,Content,ADJ
55,55Bw01,The,The,Function,DET
55,55Bw02,fight,fight,Content,NOUN
55,55Bw03,can,can,Function,AUX
55,55Bw04,stretch,stretch,Content,VERB
55,55Bw05,on,on,Function,ADP
55,55Bw06,for,for,Function,ADP
55,55Bw07,decades,decades,Content,NOUN
55,55Bw08,and,and,Function,CCONJ
55,55Bw09,include,include,Content,VERB
55,55Bw10,setbacks,setbacks,Content,NOUN
55,55Bw11,that,that,Function,PRON
55,55Bw12,feel,feel,Content,VERB
55,55Bw13,like,like,Function,ADP
55,55Bw14,utter,utter,Content,ADJ
55,55Bw15,defeat,defeat.,Content,NOUN
56,56Aw01,For,For,Function,ADP
56,56Aw02,the,the,Function,DET
56,56Aw03,rural,rural,Content,ADJ
56,56Aw04,firefighters,firefighters,Content,NOUN
56,56Aw05,of,of,Function,ADP
56,56Aw06,Australia,"Australia,",Content,PROPN
56,56Aw07,no,no,Function,DET
56,56Aw08,donation,donation,Content,NOUN
56,56Aw09,is,is,Content,AUX
56,56Aw10,too,too,Content,ADV
56,56Aw11,small,small.,Content,ADJ
56,56Bw01,They,They,Function,PRON
56,56Bw02,have,have,Content,AUX
56,56Bw03,long,long,Content,ADV
56,56Bw04,been,been,Content,AUX
56,56Bw05,known,known,Content,VERB
56,56Bw06,to,to,Function,PART
56,56Bw07,canvass,canvass,Content,VERB
56,56Bw08,for,for,Function,ADP
56,56Bw09,dollars,dollars,Content,NOUN
56,56Bw10,and,and,Function,CCONJ
56,56Bw11,cents,cents,Content,NOUN
56,56Bw12,in,in,Function,ADP
56,56Bw13,town,town,Content,NOUN
56,56Bw14,markets,"markets,",Content,NOUN
56,56Bw15,and,and,Function,CCONJ
56,56Bw16,their,their,Function,PRON
56,56Bw17,collection,collection,Content,NOUN
56,56Bw18,tins,tins,Content,NOUN
56,56Bw19,are,are,Content,AUX
56,56Bw20,fondly,fondly,Content,ADV
56,56Bw21,displayed,displayed,Content,VERB
56,56Bw22,in,in,Function,ADP
56,56Bw23,local,local,Content,ADJ
56,56Bw24,storefronts,storefronts.,Content,NOUN
57,57Aw01,Our,Our,Function,PRON
57,57Aw02,relationship,relationship,Content,NOUN
57,57Aw03,to,to,Function,ADP
57,57Aw04,privacy,privacy,Content,NOUN
57,57Aw05,is,is,Content,AUX
57,57Aw06,inseparable,inseparable,Content,ADJ
57,57Aw07,from,from,Function,ADP
57,57Aw08,our,our,Function,PRON
57,57Aw09,idea,idea,Content,NOUN
57,57Aw10,of,of,Function,ADP
57,57Aw11,trust,trust.,Content,NOUN
57,57Bw01,If,If,Function,SCONJ
57,57Bw02,you,you,Function,PRON
57,57Bw03,trust,trust,Content,VERB
57,57Bw04,someone,"someone,",Content,PRON
57,57Bw05,you,you,Function,PRON
57,57Bw06,may,may,Function,AUX
57,57Bw07,be,be,Content,AUX
57,57Bw08,more,more,Content,ADV
57,57Bw09,willing,willing,Content,ADJ
57,57Bw10,to,to,Function,PART
57,57Bw11,divulge,divulge,Content,VERB
57,57Bw12,personal,personal,Content,ADJ
57,57Bw13,information,information,Content,NOUN
57,57Bw14,to,to,Function,ADP
57,57Bw15,them,them.,Function,PRON
58,58Aw01,Businesses,Businesses,Content,NOUN
58,58Aw02,do,do,Content,VERB
58,58Aw03,themselves,themselves,Function,PRON
58,58Aw04,a,a,Function,DET
58,58Aw05,disservice,disservice,Content,NOUN
58,58Aw06,by,by,Function,ADP
58,58Aw07,shying,shying,Content,VERB
58,58Aw08,away,away,Content,ADP
58,58Aw09,from,from,Function,ADP
58,58Aw10,older,older,Content,ADJ
58,58Aw11,workers,workers.,Content,NOUN
58,58Bw01,Rather,Rather,Content,ADV
58,58Bw02,than,than,Function,ADP
58,58Bw03,worrying,worrying,Content,VERB
58,58Bw04,about,about,Function,ADP
58,58Bw05,only,only,Content,ADV
58,58Bw06,the,the,Function,DET
58,58Bw07,potential,potential,Content,ADJ
58,58Bw08,cost,cost,Content,NOUN
58,58Bw09,of,of,Function,ADP
58,58Bw10,a,a,Function,DET
58,58Bw11,more,more,Content,ADV
58,58Bw12,experienced,experienced,Content,ADJ
58,58Bw13,worker,"worker,",Content,NOUN
58,58Bw14,hiring,hiring,Content,VERB
58,58Bw15,managers,managers,Content,NOUN
58,58Bw16,should,should,Function,AUX
58,58Bw17,also,also,Content,ADV
58,58Bw18,consider,consider,Content,VERB
58,58Bw19,the,the,Function,DET
58,58Bw20,benefits,benefits,Content,NOUN
58,58Bw21,of,of,Function,ADP
58,58Bw22,hiring,hiring,Content,VERB
58,58Bw23,them,them.,Function,PRON
59,59Aw01,Earth,Earth,Content,PROPN
59,59Aw02,is,is,Content,AUX
59,59Aw03,warming,"warming,",Content,VERB
59,59Aw04,and,and,Function,CCONJ
59,59Aw05,we,we,Function,PRON
59,59Aw06,know,know,Content,VERB
59,59Aw07,why,why.,Content,SCONJ
59,59Bw01,Light,Light,Content,NOUN
59,59Bw02,is,is,Content,AUX
59,59Bw03,reflected,reflected,Content,VERB
59,59Bw04,and,and,Function,CCONJ
59,59Bw05,absorbed,absorbed,Content,VERB
59,59Bw06,by,by,Function,ADP
59,59Bw07,clouds,"clouds,",Content,NOUN
59,59Bw08,air,"air,",Content,NOUN
59,59Bw09,oceans,"oceans,",Content,NOUN
59,59Bw10,ice,ice,Content,NOUN
59,59Bw11,and,and,Function,CCONJ
59,59Bw12,land,land.,Content,NOUN
60,60Aw01,Nobody,Nobody,Content,PRON
60,60Aw02,ever,ever,Content,ADV
60,60Aw03,really,really,Content,ADV
60,60Aw04,tells,tells,Content,VERB
60,60Aw05,you,you,Function,PRON
60,60Aw06,how,how,Content,SCONJ
60,60Aw07,to,to,Function,PART
60,60Aw08,breathe,breathe.,Content,VERB
60,60Bw01,You,You,Function,PRON
60,60Bw02,just,just,Content,ADV
60,60Bw03,know,know,Content,VERB
60,60Bw04,how,how,Content,SCONJ
60,60Bw05,to,to,Function,PART
60,60Bw06,do,do,Content,VERB
60,60Bw07,it,it.,Function,PRON
61,61Aw01,The,The,Function,DET
61,61Aw02,immense,immense,Content,ADJ
61,61Aw03,wall,wall,Content,NOUN
61,61Aw04,of,of,Function,ADP
61,61Aw05,crumbling,"crumbling,",Content,VERB
61,61Aw06,whitewashed,whitewashed,Content,ADJ
61,61Aw07,stone,stone,Content,NOUN
61,61Aw08,might,might,Function,AUX
61,61Aw09,have,have,Content,AUX
61,61Aw10,belonged,belonged,Content,VERB
61,61Aw11,to,to,Function,ADP
61,61Aw12,an,an,Function,DET
61,61Aw13,abandoned,abandoned,Content,VERB
61,61Aw14,castle,castle.,Content,NOUN
61,61Bw01,Turrets,Turrets,Content,NOUN
61,61Bw02,lined,lined,Content,VERB
61,61Bw03,a,a,Function,DET
61,61Bw04,roof,roof,Content,NOUN
61,61Bw05,that,that,Function,PRON
61,61Bw06,was,was,Content,AUX
61,61Bw07,no,no,Content,PRON
61,61Bw08,longer,longer,Content,ADV
61,61Bw09,there,"there,",Content,ADV
61,61Bw10,and,and,Function,CCONJ
61,61Bw11,watchtowers,watchtowers,Content,NOUN
61,61Bw12,poked,poked,Content,VERB
61,61Bw13,the,the,Function,DET
61,61Bw14,sky,sky,Content,NOUN
61,61Bw15,at,at,Function,ADP
61,61Bw16,each,each,Function,DET
61,61Bw17,corner,corner.,Content,NOUN
62,62Aw01,You,You,Function,PRON
62,62Aw02,never,never,Content,ADV
62,62Aw03,know,know,Content,VERB
62,62Aw04,where,where,Content,SCONJ
62,62Aw05,you,you,Function,PRON
62,62Aw06,will,will,Function,AUX
62,62Aw07,find,find,Content,VERB
62,62Aw08,love,love.,Content,NOUN
62,62Bw01,Even,Even,Content,ADV
62,62Bw02,on,on,Function,ADP
62,62Bw03,a,a,Function,DET
62,62Bw04,crowded,crowded,Content,ADJ
62,62Bw05,airplane,airplane,Content,NOUN
62,62Bw06,or,or,Function,CCONJ
62,62Bw07,a,a,Function,DET
62,62Bw08,cruise,cruise,Content,NOUN
62,62Bw09,ship,ship.,Content,NOUN
63,63Aw01,Imagine,Imagine,Content,VERB
63,63Aw02,an,an,Function,DET
63,63Aw03,animal,animal,Content,NOUN
63,63Aw04,that,that,Function,PRON
63,63Aw05,looks,looks,Content,VERB
63,63Aw06,like,like,Function,ADP
63,63Aw07,a,a,Function,DET
63,63Aw08,dinosaur,"dinosaur,",Content,NOUN
63,63Aw09,and,and,Function,CCONJ
63,63Aw10,you,you,Function,PRON
63,63Aw11,probably,probably,Content,ADV
63,63Aw12,will,will,Function,AUX
63,63Aw13,not,not,Content,PART
63,63Aw14,imagine,imagine,Content,VERB
63,63Aw15,a,a,Function,DET
63,63Aw16,bat,bat.,Content,NOUN
63,63Bw01,But,But,Function,CCONJ
63,63Bw02,that,that,Function,PRON
63,63Bw03,may,may,Function,AUX
63,63Bw04,change,change.,Content,VERB