Passage,NewID,WordNoPunctuation,WordWithPunctuation,WordClass,PartOfSpeech,surprisal
1,1Aw01,Very,Very,Content,ADV,8.401161193847656
1,1Aw02,few,few,Content,ADJ,1.9314829111099243
1,1Aw03,issues,issues,Content,NOUN,6.679751873016357
1,1Aw04,can,can,Function,AUX,2.049722194671631
1,1Aw05,bring,bring,Content,VERB,4.990486145019531
1,1Aw06,together,together,Content,ADV,4.784764289855957
1,1Aw07,lawmakers,lawmakers,Content,NOUN,10.049052238464355
1,1Aw08,of,of,Function,ADP,4.14542293548584
1,1Aw09,both,both,Function,DET,1.6374046802520752
1,1Aw10,parties,parties.,Content,NOUN,2.027019903063774
1,1Bw01,Animal,Animal,Content,ADJ,12.968948364257812
1,1Bw02,cruelty,cruelty,Content,NOUN,3.6025478839874268
1,1Bw03,is,is,Content,AUX,1.2440533638000488
1,1Bw04,one,one,Function,NUM,1.3730640411376953
1,1Bw05,of,of,Function,ADP,0.3906900882720947
1,1Bw06,them,them.,Function,PRON,0.7827201783657074
2,2Aw01,Koalas,Koalas,Content,NOUN,14.581350401043892
2,2Aw02,have,have,Content,AUX,4.439202785491943
2,2Aw03,been,been,Content,AUX,1.0434211492538452
2,2Aw04,running,running,Content,VERB,5.964427947998047
2,2Aw05,into,into,Function,ADP,4.447867393493652
2,2Aw06,hard,hard,Content,ADJ,6.9616379737854
2,2Aw07,times,times.,Content,NOUN,3.5306342989206314
2,2Bw01,They,They,Function,PRON,2.637648344039917
2,2Bw02,have,have,Content,AUX,1.7044655084609985
2,2Bw03,suffered,suffered,Content,VERB,4.373008728027344
2,2Bw04,for,for,Function,ADP,4.885692596435547
2,2Bw05,years,years,Content,NOUN,1.3773634433746338
2,2Bw06,from,from,Function,ADP,1.650915503501892
2,2Bw07,habitat,habitat,Content,NOUN,7.847029685974121
2,2Bw08,destruction,"destruction,",Content,NOUN,3.016039550304413
2,2Bw09,dog,dog,Content,NOUN,9.147401809692383
2,2Bw10,attacks,"attacks,",Content,NOUN,2.418086141347885
2,2Bw11,automobile,automobile,Content,NOUN,9.302206039428711
2,2Bw12,accidents,accidents.,Content,NOUN,5.744133532047272
3,3Aw01,Pancreatic,Pancreatic,Content,ADJ,15.394131422042847
3,3Aw02,cancer,cancer,Content,NOUN,3.6915745735168457
3,3Aw03,has,has,Content,VERB,2.167095899581909
3,3Aw04,a,a,Function,DET,3.042750358581543
3,3Aw05,bad,bad,Content,ADJ,6.13823127746582
3,3Aw06,reputation,reputation.,Content,NOUN,2.0416969656944275
3,3Bw01,It,It,Function,PRON,1.716544508934021
3,3Bw02,is,is,Content,AUX,1.691007137298584
3,3Bw03,a,a,Function,DET,1.6698893308639526
3,3Bw04,terrible,terrible,Content,ADJ,4.2254509925842285
3,3Bw05,disease,"disease,",Content,NOUN,1.9608649015426636
3,3Bw06,but,but,Function,CCONJ,2.3174428939819336
3,3Bw07,most,most,Content,ADJ,5.433867931365967
3,3Bw08,people,people,Content,NOUN,0.5402523279190063
3,3Bw09,do,do,Content,AUX,3.472477912902832
3,3Bw10,not,not,Content,PART,0.10850591957569122
3,3Bw11,realize,realize,Content,VERB,2.9040377140045166
3,3Bw12,there,there,Content,PRON,4.8962321281433105
3,3Bw13,are,are,Content,VERB,0.9842286109924316
3,3Bw14,ways,ways,Content,NOUN,3.9912657737731934
3,3Bw15,that,that,Function,PRON,4.019320964813232
3,3Bw16,early,early,Content,ADJ,7.956128120422363
3,3Bw17,detection,detection,Content,NOUN,1.0058715343475342
3,3Bw18,can,can,Function,AUX,1.239587664604187
3,3Bw19,help,help.,Content,VERB,3.013734221458435
4,4Aw01,Some,Some,Function,DET,6.15749454498291
4,4Aw02,nutrition,nutrition,Content,NOUN,10.900325775146484
4,4Aw03,experts,experts,Content,NOUN,2.321833848953247
4,4Aw04,say,say,Content,VERB,1.4679505825042725
4,4Aw05,eggs,eggs,Content,NOUN,6.821043968200684
4,4Aw06,are,are,Content,AUX,1.1438446044921875
4,4Aw07,good,good,Content,ADJ,3.4618470668792725
4,4Aw08,for,for,Function,ADP,0.09013300389051437
4,4Aw09,you,"you,",Function,PRON,1.859524130821228
4,4Aw10,even,even,Content,ADV,4.139087677001953
4,4Aw11,though,though,Function,SCONJ,1.961342215538025
4,4Aw12,they,they,Function,PRON,0.5432087182998657
4,4Aw13,are,are,Content,AUX,2.086805820465088
4,4Aw14,high,high,Content,ADJ,4.06879997253418
4,4Aw15,in,in,Function,ADP,0.048996955156326294
4,4Aw16,cholesterol,cholesterol.,Content,NOUN,2.819510817527771
4,4Bw01,Others,Others,Content,NOUN,4.463647365570068
4,4Bw02,are,are,Content,AUX,3.6082141399383545
4,4Bw03,sure,sure,Content,ADJ,6.176123142242432
4,4Bw04,they,they,Function,PRON,1.3148858547210693
4,4Bw05,are,are,Content,AUX,0.9416588544845581
4,4Bw06,bad,bad.,Content,ADJ,3.112583041191101
5,5Aw01,Experts,Experts,Content,NOUN,9.230551719665527
5,5Aw02,generally,generally,Content,ADV,9.046687126159668
5,5Aw03,agree,agree,Content,VERB,0.7338206768035889
5,5Aw04,that,that,Function,SCONJ,0.1756943017244339
5,5Aw05,watching,watching,Content,VERB,7.693146705627441
5,5Aw06,a,a,Function,DET,1.539280652999878
5,5Aw07,lot,lot,Content,NOUN,4.911911964416504
5,5Aw08,of,of,Function,ADP,0.019024522975087166
5,5Aw09,television,television,Content,NOUN,3.6480371952056885
5,5Aw10,is,is,Content,AUX,1.2379406690597534
5,5Aw11,bad,bad,Content,ADJ,3.0083045959472656
5,5Aw12,for,for,Function,ADP,0.372127503156662
5,5Aw13,children,children.,Content,NOUN,7.001361191272736
5,5Bw01,Now,Now,Content,INTJ,5.734767913818359
5,5Bw02,a,a,Function,DET,2.0864944458007812
5,5Bw03,new,new,Content,ADJ,0.41100600361824036
5,5Bw04,study,study,Content,NOUN,0.19107800722122192
5,5Bw05,suggests,suggests,Content,VERB,1.7236618995666504
5,5Bw06,it,it,Function,PRON,3.1358320713043213
5,5Bw07,may,may,Function,AUX,1.4470536708831787
5,5Bw08,not,not,Content,PART,3.3229763507843018
5,5Bw09,be,be,Content,AUX,0.21228858828544617
5,5Bw10,very,very,Content,ADV,5.731113910675049
5,5Bw11,good,good,Content,ADJ,0.6664825677871704
5,5Bw12,for,for,Function,ADP,0.4233494997024536
5,5Bw13,adults,"adults,",Content,NOUN,4.843567132949829
5,5Bw14,either,either.,Function,ADV,3.6101216450333595
6,6Aw01,Legislators,Legislators,Content,NOUN,12.112309217453003
6,6Aw02,and,and,Function,CCONJ,3.8634073734283447
6,6Aw03,gun,gun,Content,NOUN,7.389835834503174
6,6Aw04,safety,safety,Content,NOUN,5.068233966827393
6,6Aw05,advocates,advocates,Content,NOUN,0.3488752543926239
6,6Aw06,often,often,Content,ADV,6.72123384475708
6,6Aw07,focus,focus,Content,VERB,5.313076019287109
6,6Aw08,on,on,Function,ADP,0.11723589897155762
6,6Aw09,how,how,Content,SCONJ,3.0960350036621094
6,6Aw10,guns,guns,Content,NOUN,3.2133138179779053
6,6Aw11,are,are,Content,AUX,0.9338721036911011
6,6Aw12,purchased,purchased.,Content,VERB,7.255756139755249
6,6Bw01,But,But,Function,CCONJ,1.219754934310913
6,6Bw02,many,many,Content,ADJ,4.603176116943359
6,6Bw03,lives,lives,Content,NOUN,8.82622241973877
6,6Bw04,could,could,Function,AUX,3.8607914447784424
6,6Bw05,be,be,Content,AUX,0.16957269608974457
6,6Bw06,saved,"saved,",Content,VERB,4.878882110118866
6,6Bw07,especially,especially,Content,ADV,3.577909469604492
6,6Bw08,among,among,Function,ADP,4.569174766540527
6,6Bw09,children,"children,",Content,NOUN,3.612166166305542
6,6Bw10,if,if,Function,SCONJ,2.214346408843994
6,6Bw11,they,they,Function,PRON,3.2741270065307617
6,6Bw12,looked,looked,Content,VERB,8.988541603088379
6,6Bw13,more,more,Content,ADV,2.3807430267333984
6,6Bw14,at,at,Function,ADP,4.095682621002197
6,6Bw15,how,how,Content,SCONJ,3.351741075515747
6,6Bw16,they,they,Function,PRON,1.7811720371246338
6,6Bw17,are,are,Content,AUX,1.5808244943618774
6,6Bw18,stored,stored.,Content,VERB,5.57091498374939
7,7Aw01,In,In,Function,ADP,4.009140968322754
7,7Aw02,general,"general,",Content,ADJ,6.58224730193615
7,7Aw03,any,any,Function,DET,6.153727054595947
7,7Aw04,exercise,exercise,Content,NOUN,7.274182319641113
7,7Aw05,improves,improves,Content,VERB,8.150391578674316
7,7Aw06,our,our,Function,PRON,5.311106204986572
7,7Aw07,health,health.,Content,NOUN,4.3210484981536865
7,7Bw01,But,But,Function,CCONJ,2.4338154792785645
7,7Bw02,a,a,Function,DET,3.838683843612671
7,7Bw03,wealth,wealth,Content,NOUN,8.94328784942627
7,7Bw04,of,of,Function,ADP,0.017789920791983604
7,7Bw05,recent,recent,Content,ADJ,4.189462661743164
7,7Bw06,science,science,Content,NOUN,5.900870323181152
7,7Bw07,and,and,Function,CCONJ,3.0207512378692627
7,7Bw08,personal,personal,Content,ADJ,5.678897380828857
7,7Bw09,experience,experience,Content,NOUN,0.4135693311691284
7,7Bw10,indicate,indicate,Content,VERB,5.230201721191406
7,7Bw11,that,that,Function,SCONJ,0.12242891639471054
7,7Bw12,different,different,Content,ADJ,7.346421241760254
7,7Bw13,people,people,Content,NOUN,3.9506940841674805
7,7Bw14,can,can,Function,AUX,2.920274019241333
7,7Bw15,respond,respond,Content,VERB,5.651902675628662
7,7Bw16,to,to,Function,ADP,1.0809757709503174
7,7Bw17,similar,similar,Content,ADJ,5.797075271606445
7,7Bw18,exercise,exercise,Content,NOUN,1.7192338705062866
7,7Bw19,routines,routines,Content,NOUN,3.593989610671997
7,7Bw20,in,in,Function,ADP,2.8269808292388916
7,7Bw21,different,different,Content,ADJ,0.32345640659332275
7,7Bw22,ways,ways.,Content,NOUN,0.43565018475055695
8,8Aw01,When,When,Content,SCONJ,4.892659664154053
8,8Aw02,new,new,Content,ADJ,7.134457588195801
8,8Aw03,breast,breast,Content,NOUN,11.412384033203125
8,8Aw04,cancer,cancer,Content,NOUN,1.0076079368591309
8,8Aw05,drugs,drugs,Content,NOUN,4.639585494995117
8,8Aw06,come,come,Content,VERB,3.495478630065918
8,8Aw07,to,to,Function,ADP,1.9702900648117065
8,8Aw08,market,"market,",Content,NOUN,0.8088958859443665
8,8Aw09,there,there,Content,PRON,2.760741710662842
8,8Aw10,is,is,Content,VERB,2.4210073947906494
8,8Aw11,little,little,Content,ADJ,3.413968324661255
8,8Aw12,data,data,Content,NOUN,6.777143478393555
8,8Aw13,to,to,Function,PART,1.2582072019577026
8,8Aw14,indicate,indicate,Content,VERB,2.9966611862182617
8,8Aw15,whether,whether,Function,SCONJ,1.9856350421905518
8,8Aw16,they,they,Function,PRON,0.8764604926109314
8,8Aw17,are,are,Content,AUX,2.085608959197998
8,8Aw18,safe,safe,Content,ADJ,1.6122561693191528
8,8Aw19,or,or,Function,CCONJ,1.0264413356781006
8,8Aw20,effective,effective,Content,ADJ,0.6349164247512817
8,8Aw21,in,in,Function,ADP,3.300685167312622
8,8Aw22,men,men.,Content,NOUN,7.543691396713257
8,8Bw01,Some,Some,Function,DET,4.566650867462158
8,8Bw02,new,new,Content,ADJ,4.297299385070801
8,8Bw03,drugs,drugs,Content,NOUN,1.1411828994750977
8,8Bw04,are,are,Content,AUX,1.665451169013977
8,8Bw05,approved,approved,Content,VERB,5.071364402770996
8,8Bw06,only,only,Content,ADV,2.598724842071533
8,8Bw07,for,for,Function,ADP,0.7525526285171509
8,8Bw08,women,women.,Content,NOUN,3.5545891523361206
9,9Aw01,An,An,Function,DET,5.078217506408691
9,9Aw02,extensive,extensive,Content,ADJ,6.8574934005737305
9,9Aw03,study,study,Content,NOUN,2.8322386741638184
9,9Aw04,confirms,confirms,Content,VERB,6.6751933097839355
9,9Aw05,that,that,Function,SCONJ,0.5790517330169678
9,9Aw06,red,red,Content,ADJ,6.979339599609375
9,9Aw07,meat,meat,Content,NOUN,1.925499677658081
9,9Aw08,might,might,Function,AUX,7.462601184844971
9,9Aw09,not,not,Content,PART,2.6811904907226562
9,9Aw10,be,be,Content,AUX,0.49350523948669434
9,9Aw11,that,that,Function,ADV,5.719195365905762
9,9Aw12,bad,bad,Content,ADJ,0.6366645693778992
9,9Aw13,for,for,Function,ADP,0.9055596590042114
9,9Aw14,you,you.,Function,PRON,1.5013689398765564
9,9Bw01,But,But,Function,CCONJ,4.378122806549072
9,9Bw02,it,it,Function,PRON,2.4174771308898926
9,9Bw03,is,is,Content,AUX,3.2436370849609375
9,9Bw04,bad,bad,Content,ADJ,4.111496448516846
9,9Bw05,for,for,Function,ADP,0.1136058121919632
9,9Bw06,the,the,Function,DET,2.2937099933624268
9,9Bw07,planet,"planet,",Content,NOUN,4.432161092758179
9,9Bw08,with,with,Function,SCONJ,4.522353172302246
9,9Bw09,chicken,chicken,Content,NOUN,9.35147762298584
9,9Bw10,and,and,Function,CCONJ,1.7080107927322388
9,9Bw11,pork,pork,Content,NOUN,1.8967677354812622
9,9Bw12,less,less,Content,ADV,7.982855319976807
9,9Bw13,harmful,harmful,Content,ADJ,3.623629331588745
9,9Bw14,than,than,Function,ADP,0.717766523361206
9,9Bw15,beef,beef.,Content,NOUN,2.899479389190674
10,10Aw01,The,The,Function,DET,2.4995791912078857
10,10Aw02,ground,ground,Content,NOUN,9.312350273132324
10,10Aw03,around,around,Function,ADP,5.5682220458984375
10,10Aw04,the,the,Function,DET,1.0405410528182983
10,10Aw05,building,building,Content,NOUN,5.11368465423584
10,10Aw06,slopes,slopes,Content,VERB,10.639045715332031
10,10Aw07,away,away.,Content,ADV,7.924903154373169
10,10Bw01,That,That,Function,PRON,5.245766639709473
10,10Bw02,allows,allows,Content,VERB,8.320454597473145
10,10Bw03,the,the,Function,DET,1.390606164932251
10,10Bw04,classroom,classroom,Content,NOUN,10.289274215698242
10,10Bw05,windows,windows,Content,NOUN,6.597831726074219
10,10Bw06,to,to,Function,PART,0.14495031535625458
10,10Bw07,be,be,Content,AUX,1.2112112045288086
10,10Bw08,low,low,Content,ADJ,7.760438442230225
10,10Bw09,enough,enough,Content,ADV,1.6626452207565308
10,10Bw10,for,for,Function,SCONJ,2.051955223083496
10,10Bw11,children,children,Content,NOUN,3.6248905658721924
10,10Bw12,to,to,Function,PART,0.4269784390926361
10,10Bw13,see,see,Content,VERB,0.9598003625869751
10,10Bw14,out,out,Function,ADP,5.626354694366455
10,10Bw15,while,while,Function,SCONJ,6.897012710571289
10,10Bw16,still,still,Content,ADV,4.085129737854004
10,10Bw17,being,being,Content,AUX,2.804596185684204
10,10Bw18,high,high,Content,ADV,7.032967567443848
10,10Bw19,above,above,Function,ADP,3.913940191268921
10,10Bw20,the,the,Function,DET,0.45690760016441345
10,10Bw21,ground,ground.,Content,NOUN,1.1901369988918304
11,11Aw01,Farmers,Farmers,Content,NOUN,10.38034462928772
11,11Aw02,and,and,Function,CCONJ,2.637979745864868
11,11Aw03,plant,plant,Content,NOUN,7.554542064666748
11,11Aw04,breeders,breeders,Content,NOUN,1.6382222530664876
11,11Aw05,are,are,Content,AUX,1.6587700843811035
11,11Aw06,in,in,Function,ADP,4.428640842437744
11,11Aw07,a,a,Function,DET,1.5167852640151978
11,11Aw08,race,race,Content,NOUN,3.7359461784362793
11,11Aw09,against,against,Function,ADP,2.2420403957366943
11,11Aw10,time,time.,Content,NOUN,3.99857559800148
11,11Bw01,The,The,Function,DET,2.3606672286987305
11,11Bw02,world,world,Content,NOUN,4.297097206115723
11,11Bw03,population,population,Content,NOUN,6.35558557510376
11,11Bw04,is,is,Content,AUX,1.4218937158584595
11,11Bw05,growing,growing,Content,VERB,2.1238059997558594
11,11Bw06,rapidly,"rapidly,",Content,ADV,2.5883994698524475
11,11Bw07,requiring,requiring,Content,VERB,7.133697509765625
11,11Bw08,ever,ever,Content,ADV,4.8383636474609375
11,11Bw09,more,more,Content,ADJ,0.9848175644874573
11,11Bw10,food,"food,",Content,NOUN,5.386990785598755
11,11Bw11,but,but,Function,CCONJ,4.470281600952148
11,11Bw12,the,the,Function,DET,2.1044578552246094
11,11Bw13,amount,amount,Content,NOUN,4.695492744445801
11,11Bw14,of,of,Function,ADP,0.12382302433252335
11,11Bw15,cultivable,cultivable,Content,ADJ,11.42793893814087
11,11Bw16,land,land,Content,NOUN,0.870563805103302
11,11Bw17,is,is,Content,AUX,1.7980629205703735
11,11Bw18,limited,limited.,Content,ADJ,3.8010027408599854
12,12Aw01,One,One,Function,NUM,5.226984024047852
12,12Aw02,benefit,benefit,Content,NOUN,9.62316608428955
12,12Aw03,of,of,Function,ADP,0.27873170375823975
12,12Aw04,discovery,discovery,Content,NOUN,10.752431869506836
12,12Aw05,is,is,Content,AUX,0.8068528771400452
12,12Aw06,that,that,Function,SCONJ,0.8483022451400757
12,12Aw07,you,you,Function,PRON,1.8902264833450317
12,12Aw08,get,get,Content,VERB,3.1179304122924805
12,12Aw09,to,to,Function,PART,0.5403165817260742
12,12Aw10,name,name,Content,VERB,7.782003879547119
12,12Aw11,the,the,Function,DET,1.2958565950393677
12,12Aw12,things,things,Content,NOUN,3.5584990978240967
12,12Aw13,you,you,Function,PRON,0.397910475730896
12,12Aw14,discovered,discovered.,Content,VERB,7.086493611335754
12,12Bw01,Astronomy,Astronomy,Content,NOUN,12.087675094604492
12,12Bw02,is,is,Content,AUX,1.3718483448028564
12,12Bw03,blessed,blessed,Content,VERB,9.890949249267578
12,12Bw04,in,in,Function,ADP,4.839770793914795
12,12Bw05,this,this,Function,DET,2.053438425064087
12,12Bw06,regard,regard.,Content,NOUN,4.5437623262405396
13,13Aw01,The,The,Function,DET,2.4856159687042236
13,13Aw02,overwhelming,overwhelming,Content,ADJ,9.396941184997559
13,13Aw03,majority,majority,Content,NOUN,0.4406180679798126
13,13Aw04,of,of,Function,ADP,0.025572605431079865
13,13Aw05,snails,snails,Content,NOUN,13.052381038665771
13,13Aw06,live,live,Content,VERB,5.374226093292236
13,13Aw07,in,in,Function,ADP,0.4953710734844208
13,13Aw08,shells,shells,Content,NOUN,11.109614372253418
13,13Aw09,that,that,Function,PRON,2.8237133026123047
13,13Aw10,coil,coil,Content,VERB,12.628461837768555
13,13Aw11,to,to,Function,ADP,3.870476722717285
13,13Aw12,the,the,Function,DET,1.0284624099731445
13,13Aw13,right,right.,Content,ADJ,10.31080961227417
13,13Bw01,But,But,Function,CCONJ,3.7417593002319336
13,13Bw02,occasionally,occasionally,Content,ADV,7.992715835571289
13,13Bw03,some,some,Function,PRON,4.267035961151123
13,13Bw04,are,are,Content,AUX,3.2573697566986084
13,13Bw05,born,born,Content,VERB,5.7534613609313965
13,13Bw06,with,with,Function,ADP,0.8634703755378723
13,13Bw07,shells,shells,Content,NOUN,4.106769561767578
13,13Bw08,that,that,Function,PRON,0.6094932556152344
13,13Bw09,turn,turn,Content,VERB,4.33930778503418
13,13Bw10,the,the,Function,DET,4.274983882904053
13,13Bw11,other,other,Content,ADJ,2.4828529357910156
13,13Bw12,way,way.,Content,NOUN,1.5852484703063965
14,14Aw01,California,California,Content,PROPN,8.115764617919922
14,14Aw02,has,has,Content,AUX,3.070408821105957
14,14Aw03,positioned,positioned,Content,VERB,11.110084533691406
14,14Aw04,itself,itself,Function,PRON,0.2540026009082794
14,14Aw05,as,as,Function,ADP,0.2145780771970749
14,14Aw06,a,a,Function,DET,0.9883575439453125
14,14Aw07,leader,leader,Content,NOUN,2.0905892848968506
14,14Aw08,in,in,Function,ADP,0.11851021647453308
14,14Aw09,the,the,Function,DET,1.0264593362808228
14,14Aw10,fight,fight,Content,NOUN,1.9154319763183594
14,14Aw11,against,against,Function,ADP,0.1564497947692871
14,14Aw12,climate,climate,Content,NOUN,1.4908812046051025
14,14Aw13,change,change.,Content,NOUN,0.80474744271487
14,14Bw01,It,It,Function,PRON,2.632767915725708
14,14Bw02,leads,leads,Content,VERB,6.815890789031982
14,14Bw03,the,the,Function,DET,0.21751508116722107
14,14Bw04,nation,nation,Content,NOUN,0.6275674104690552
14,14Bw05,by,by,Function,ADP,3.6979806423187256
14,14Bw06,far,far,Content,ADV,4.940423488616943
14,14Bw07,in,in,Function,ADP,0.38979393243789673
14,14Bw08,solar,solar,Content,ADJ,3.8201231956481934
14,14Bw09,power,power.,Content,NOUN,4.23862886428833
15,15Aw01,Climate,Climate,Content,NOUN,8.700055122375488
15,15Aw02,change,change,Content,NOUN,0.4941166043281555
15,15Aw03,will,will,Function,AUX,3.656463384628296
15,15Aw04,inevitably,inevitably,Content,ADV,6.2737836837768555
15,15Aw05,transform,transform,Content,VERB,6.6127848625183105
15,15Aw06,the,the,Function,DET,1.0268445014953613
15,15Aw07,way,way,Content,NOUN,2.412536859512329
15,15Aw08,the,the,Function,DET,2.7276451587677
15,15Aw09,world,world,Content,NOUN,0.8486592769622803
15,15Aw10,produces,produces,Content,VERB,5.077904224395752
15,15Aw11,goods,goods.,Content,NOUN,8.70008373260498
15,15Bw01,Farmers,Farmers,Content,NOUN,7.671785831451416
15,15Bw02,who,who,Function,PRON,4.041066646575928
15,15Bw03,produce,produce,Content,VERB,2.809427261352539
15,15Bw04,wine,wine,Content,NOUN,8.290227890014648
15,15Bw05,grapes,"grapes,",Content,NOUN,8.042096495628357
15,15Bw06,an,an,Function,DET,7.772675514221191
15,15Bw07,especially,especially,Content,ADV,5.0237250328063965
15,15Bw08,sensitive,sensitive,Content,ADJ,4.092342376708984
15,15Bw09,crop,"crop,",Content,NOUN,2.3715417981147766
15,15Bw10,are,are,Content,AUX,2.3706846237182617
15,15Bw11,already,already,Content,ADV,3.1011765003204346
15,15Bw12,feeling,feeling,Content,VERB,5.5584540367126465
15,15Bw13,those,those,Function,DET,7.643243789672852
15,15Bw14,effects,effects.,Content,NOUN,1.178003877401352
16,16Aw01,The,The,Function,DET,2.4685299396514893
16,16Aw02,many,many,Content,ADJ,8.509126663208008
16,16Aw03,whiskeys,whiskeys,Content,NOUN,12.166201114654541
16,16Aw04,of,of,Function,ADP,2.860809803009033
16,16Aw05,Japan,Japan,Content,PROPN,5.445891857147217
16,16Aw06,are,are,Content,AUX,1.5558162927627563
16,16Aw07,complex,complex,Content,ADJ,7.506635665893555
16,16Aw08,and,and,Function,CCONJ,1.227739691734314
16,16Aw09,often,often,Content,ADV,3.077106237411499
16,16Aw10,expensive,expensive.,Content,ADJ,6.4694983959198
16,16Bw01,Learning,Learning,Content,VERB,9.577264785766602
16,16Bw02,about,about,Function,ADP,2.168921947479248
16,16Bw03,them,them,Function,PRON,2.0057852268218994
16,16Bw04,can,can,Function,AUX,1.4282225370407104
16,16Bw05,be,be,Content,AUX,0.3766654431819916
16,16Bw06,a,a,Function,DET,1.2663946151733398
16,16Bw07,challenge,challenge.,Content,NOUN,3.2077016830444336
17,17Aw01,Great,Great,Content,ADJ,7.540083885192871
17,17Aw02,snow,snow,Content,NOUN,8.977380752563477
17,17Aw03,conditions,conditions,Content,NOUN,5.522117614746094
17,17Aw04,can,can,Function,AUX,4.965397834777832
17,17Aw05,make,make,Content,VERB,2.302304267883301
17,17Aw06,a,a,Function,DET,2.5797438621520996
17,17Aw07,ski,ski,Content,NOUN,7.492864608764648
17,17Aw08,trip,trip,Content,NOUN,2.35119366645813
17,17Aw09,magical,magical.,Content,ADJ,9.845874845981598
17,17Bw01,Skiers,Skiers,Content,NOUN,8.437356889247894
17,17Bw02,can,can,Function,AUX,1.9628793001174927
17,17Bw03,weight,weight,Content,VERB,10.7427396774292
17,17Bw04,the,the,Function,DET,2.48105525970459
17,17Bw05,odds,odds,Content,NOUN,7.219079494476318
17,17Bw06,in,in,Function,ADP,2.9830594062805176
17,17Bw07,their,their,Function,PRON,1.5363118648529053
17,17Bw08,favor,favor,Content,NOUN,0.7125111818313599
17,17Bw09,by,by,Function,ADP,1.9694243669509888
17,17Bw10,picking,picking,Content,VERB,4.433794021606445
17,17Bw11,their,their,Function,PRON,3.2633790969848633
17,17Bw12,destinations,destinations,Content,NOUN,6.179080486297607
17,17Bw13,according,according,Content,VERB,6.377676010131836
17,17Bw14,to,to,Function,ADP,0.0016569469589740038
17,17Bw15,the,the,Function,DET,1.459262728691101
17,17Bw16,time,time,Content,NOUN,4.535827159881592
17,17Bw17,of,of,Function,ADP,0.4332870841026306
17,17Bw18,winter,winter.,Content,NOUN,8.840796053409576
18,18Aw01,Earth,Earth,Content,PROPN,8.961594581604004
18,18Aw02,is,is,Content,AUX,2.8806257247924805
18,18Aw03,warming,"warming,",Content,VERB,6.475824356079102
18,18Aw04,and,and,Function,CCONJ,1.3611465692520142
18,18Aw05,we,we,Function,PRON,2.5046253204345703
18,18Aw06,know,know,Content,VERB,4.292474269866943
18,18Aw07,why,why.,Content,SCONJ,4.493620425462723
18,18Bw01,Light,Light,Content,NOUN,9.18448257446289
18,18Bw02,is,is,Content,AUX,1.706983208656311
18,18Bw03,reflected,reflected,Content,VERB,6.346503257751465
18,18Bw04,and,and,Function,CCONJ,3.7431983947753906
18,18Bw05,absorbed,absorbed,Content,VERB,2.3501248359680176
18,18Bw06,by,by,Function,ADP,0.958026111125946
18,18Bw07,clouds,"clouds,",Content,NOUN,6.655438303947449
18,18Bw08,air,"air,",Content,NOUN,5.8594701290130615
18,18Bw09,oceans,"oceans,",Content,NOUN,3.6068534553050995
18,18Bw10,ice,ice,Content,NOUN,5.731569290161133
18,18Bw11,and,and,Function,CCONJ,1.2999546527862549
18,18Bw12,land,land.,Content,NOUN,3.155212700366974
19,19Aw01,Nobody,Nobody,Content,PRON,8.928628921508789
19,19Aw02,ever,ever,Content,ADV,3.860428810119629
19,19Aw03,really,really,Content,ADV,3.9457008838653564
19,19Aw04,tells,tells,Content,VERB,7.321475028991699
19,19Aw05,you,you,Function,PRON,0.4491717219352722
19,19Aw06,how,how,Content,SCONJ,1.5879536867141724
19,19Aw07,to,to,Function,PART,1.1249054670333862
19,19Aw08,breathe,breathe.,Content,VERB,9.042623221874237
19,19Bw01,You,You,Function,PRON,3.432008743286133
19,19Bw02,just,just,Content,ADV,2.2013864517211914
19,19Bw03,know,know,Content,VERB,3.7494356632232666
19,19Bw04,how,how,Content,SCONJ,1.7615878582000732
19,19Bw05,to,to,Function,PART,0.5717801451683044
19,19Bw06,do,do,Content,VERB,2.5063376426696777
19,19Bw07,it,it.,Function,PRON,0.48110705614089966
20,20Aw01,Imagine,Imagine,Content,VERB,7.447046279907227
20,20Aw02,an,an,Function,DET,4.181556701660156
20,20Aw03,animal,animal,Content,NOUN,5.295729160308838
20,20Aw04,that,that,Function,PRON,1.5362681150436401
20,20Aw05,looks,looks,Content,VERB,3.8357481956481934
20,20Aw06,like,like,Function,ADP,0.35042327642440796
20,20Aw07,a,a,Function,DET,0.7585382461547852
20,20Aw08,dinosaur,"dinosaur,",Content,NOUN,6.401817560195923
20,20Aw09,and,and,Function,CCONJ,2.3719944953918457
20,20Aw10,you,you,Function,PRON,2.4520227909088135
20,20Aw11,probably,probably,Content,ADV,5.999533176422119
20,20Aw12,will,will,Function,AUX,5.076488494873047
20,20Aw13,not,not,Content,PART,2.7070560455322266
20,20Aw14,imagine,imagine,Content,VERB,6.011979579925537
20,20Aw15,a,a,Function,DET,2.0688538551330566
20,20Aw16,bat,bat.,Content,NOUN,10.13958191871643
20,20Bw01,But,But,Function,CCONJ,1.573812484741211
20,20Bw02,that,that,Function,PRON,2.748671293258667
20,20Bw03,may,may,Function,AUX,4.184048175811768
20,20Bw04,change,change.,Content,VERB,4.823268890380859
21,21Aw01,Video,Video,Content,NOUN,6.632974624633789
21,21Aw02,games,games,Content,NOUN,6.2847185134887695
21,21Aw03,work,work,Content,VERB,7.622406482696533
21,21Aw04,hard,hard,Content,ADV,4.36055850982666
21,21Aw05,to,to,Function,PART,0.4567332863807678
21,21Aw06,hook,hook,Content,VERB,10.340715408325195
21,21Aw07,players,players.,Content,NOUN,5.783792972564697
21,21Bw01,Designers,Designers,Content,NOUN,10.410814762115479
21,21Bw02,use,use,Content,VERB,4.601113319396973
21,21Bw03,predictive,predictive,Content,ADJ,10.228628158569336
21,21Bw04,algorithms,algorithms,Content,NOUN,1.5230318307876587
21,21Bw05,and,and,Function,CCONJ,3.043813943862915
21,21Bw06,principles,principles,Content,NOUN,7.574718475341797
21,21Bw07,of,of,Function,ADP,1.5811965465545654
21,21Bw08,behavioral,behavioral,Content,ADJ,7.7498250007629395
21,21Bw09,economics,economics,Content,NOUN,3.302255630493164
21,21Bw10,to,to,Function,PART,0.19231320917606354
21,21Bw11,keep,keep,Content,VERB,5.909640312194824
21,21Bw12,fans,fans,Content,NOUN,5.723135471343994
21,21Bw13,engaged,engaged.,Content,ADJ,2.410752058029175
22,22Aw01,Americans,Americans,Content,PROPN,8.354048728942871
22,22Aw02,are,are,Content,AUX,1.484222650527954
22,22Aw03,feeling,feeling,Content,VERB,5.658163070678711
22,22Aw04,better,better,Content,ADJ,4.594199180603027
22,22Aw05,about,about,Function,ADP,0.4010171592235565
22,22Aw06,the,the,Function,DET,1.2920119762420654
22,22Aw07,economy,economy.,Content,NOUN,4.358204364776611
22,22Bw01,Or,Or,Function,CCONJ,7.187315464019775
22,22Bw02,at,at,Function,ADP,0.7747840881347656
22,22Bw03,least,least,Content,ADJ,0.021676644682884216
22,22Bw04,Republicans,Republicans,Content,PROPN,10.058672904968262
22,22Bw05,are,are.,Content,AUX,2.74118310213089
23,23Aw01,Parasites,Parasites,Content,PROPN,13.889338493347168
23,23Aw02,are,are,Content,AUX,2.039682149887085
23,23Aw03,a,a,Function,DET,1.9221545457839966
23,23Aw04,huge,huge,Content,ADJ,5.065929889678955
23,23Aw05,force,force,Content,NOUN,5.697822570800781
23,23Aw06,in,in,Function,ADP,0.4222651422023773
23,23Aw07,the,the,Function,DET,0.9170405864715576
23,23Aw08,natural,natural,Content,ADJ,6.034196853637695
23,23Aw09,world,world.,Content,NOUN,0.9333054721355438
23,23Bw01,For,For,Function,ADP,4.796188831329346
23,23Bw02,the,the,Function,DET,2.5947258472442627
23,23Bw03,most,most,Content,ADJ,1.7434056997299194
23,23Bw04,part,part,Content,NOUN,0.0015910121146589518
23,23Bw05,they,they,Function,PRON,1.772871732711792
23,23Bw06,simply,simply,Content,ADV,5.8385210037231445
23,23Bw07,feed,feed,Content,VERB,4.749847888946533
23,23Bw08,on,on,Function,ADP,1.2597492933273315
23,23Bw09,their,their,Function,PRON,4.140073299407959
23,23Bw10,hosts,hosts.,Content,NOUN,6.5177483558654785
24,24Aw01,There,There,Content,PRON,4.835021495819092
24,24Aw02,should,should,Function,AUX,7.404812812805176
24,24Aw03,be,be,Content,AUX,0.1502063125371933
24,24Aw04,no,no,Function,DET,0.9251176118850708
24,24Aw05,question,question,Content,NOUN,2.5855510234832764
24,24Aw06,that,that,Function,SCONJ,0.8594198822975159
24,24Aw07,autistic,autistic,Content,ADJ,11.702777862548828
24,24Aw08,people,people,Content,NOUN,0.737030565738678
24,24Aw09,need,need,Content,VERB,3.6363377571105957
24,24Aw10,and,and,Function,CCONJ,5.962378025054932
24,24Aw11,value,value,Content,VERB,5.457851409912109
24,24Aw12,social,social,Content,ADJ,4.728281021118164
24,24Aw13,connections,connections.,Content,NOUN,6.196153223514557
24,24Bw01,We,We,Function,PRON,3.304810047149658
24,24Bw02,all,all,Function,PRON,2.022371768951416
24,24Bw03,do,do.,Content,VERB,4.393370509147644
25,25Aw01,Once,Once,Content,ADV,7.293265342712402
25,25Aw02,upon,upon,Function,SCONJ,1.2444987297058105
25,25Aw03,a,a,Function,DET,0.0016899126349017024
25,25Aw04,time,"time,",Content,NOUN,0.25209665624424815
25,25Aw05,the,the,Function,DET,2.0637078285217285
25,25Aw06,sky,sky,Content,NOUN,6.762390613555908
25,25Aw07,was,was,Content,AUX,0.23934686183929443
25,25Aw08,everything,everything,Content,PRON,9.910015106201172
25,25Aw09,above,above,Function,ADP,9.72020435333252
25,25Aw10,the,the,Function,DET,1.6274945735931396
25,25Aw11,earth,"earth,",Content,NOUN,4.220352649688721
25,25Aw12,which,which,Function,PRON,5.898393154144287
25,25Aw13,lay,lay,Content,VERB,9.232340812683105
25,25Aw14,at,at,Function,ADP,2.911672353744507
25,25Aw15,the,the,Function,DET,0.3282700181007385
25,25Aw16,center,center,Content,NOUN,1.8053008317947388
25,25Aw17,of,of,Function,ADP,0.01172932330518961
25,25Aw18,human,human,Content,ADJ,5.391018390655518
25,25Aw19,experience,experience.,Content,NOUN,3.6108149886131287
25,25Bw01,The,The,Function,DET,2.4158029556274414
25,25Bw02,sky,sky,Content,NOUN,2.3246850967407227
25,25Bw03,was,was,Content,AUX,0.4933871328830719
25,25Bw04,the,the,Function,DET,1.4765092134475708
25,25Bw05,place,place,Content,NOUN,3.5080137252807617
25,25Bw06,of,of,Function,ADP,2.368136405944824
25,25Bw07,gods,gods.,Content,NOUN,8.555944919586182
26,26Aw01,The,The,Function,DET,2.519394636154175
26,26Aw02,abundance,abundance,Content,NOUN,10.519943237304688
26,26Aw03,of,of,Function,ADP,0.06318638473749161
26,26Aw04,uncontrolled,uncontrolled,Content,ADJ,12.258520126342773
26,26Aw05,case,case,Content,NOUN,9.393852233886719
26,26Aw06,studies,studies,Content,NOUN,1.2187581062316895
26,26Aw07,can,can,Function,AUX,5.77954626083374
26,26Aw08,give,give,Content,VERB,4.757501125335693
26,26Aw09,an,an,Function,DET,3.453429698944092
26,26Aw10,impression,impression,Content,NOUN,1.7829240560531616
26,26Aw11,that,that,Function,SCONJ,0.750153660774231
26,26Aw12,a,a,Function,DET,3.3565402030944824
26,26Aw13,single,single,Content,ADJ,3.6780431270599365
26,26Aw14,dietary,dietary,Content,ADJ,8.376392364501953
26,26Aw15,item,"item,",Content,NOUN,7.969035863876343
26,26Aw16,like,like,Function,ADP,2.9696316719055176
26,26Aw17,juice,"juice,",Content,NOUN,7.640223383903503
26,26Aw18,is,is,Content,AUX,1.4298821687698364
26,26Aw19,linked,linked,Content,VERB,6.274767875671387
26,26Aw20,with,with,Function,ADP,2.313716173171997
26,26Aw21,obesity,obesity.,Content,NOUN,5.0970094203948975
26,26Bw01,But,But,Function,CCONJ,1.7985014915466309
26,26Bw02,they,they,Function,PRON,5.062777042388916
26,26Bw03,cannot,cannot,Function,AUX,5.149344444274902
26,26Bw04,determine,determine,Content,VERB,4.698129653930664
26,26Bw05,cause,cause,Content,NOUN,5.482550621032715
26,26Bw06,and,and,Function,CCONJ,0.3568286597728729
26,26Bw07,effect,effect.,Content,NOUN,0.6705739349126816
27,27Aw01,Americans,Americans,Content,PROPN,8.343316078186035
27,27Aw02,are,are,Content,AUX,1.5071492195129395
27,27Aw03,having,having,Content,VERB,5.032990455627441
27,27Aw04,fewer,fewer,Content,ADJ,5.328898906707764
27,27Aw05,babies,babies.,Content,NOUN,6.5491461753845215
27,27Bw01,At,At,Function,ADP,5.719992160797119
27,27Bw02,first,"first,",Content,ADV,5.503887176513672
27,27Bw03,researchers,researchers,Content,NOUN,6.839838981628418
27,27Bw04,thought,thought,Content,VERB,1.6609656810760498
27,27Bw05,the,the,Function,DET,1.9868831634521484
27,27Bw06,declining,declining,Content,VERB,6.159942626953125
27,27Bw07,fertility,fertility,Content,NOUN,2.967298984527588
27,27Bw08,rate,rate,Content,NOUN,0.16245512664318085
27,27Bw09,was,was,Content,AUX,0.6922309994697571
27,27Bw10,because,because,Function,SCONJ,4.128684043884277
27,27Bw11,of,of,Function,ADP,1.1446809768676758
27,27Bw12,the,the,Function,DET,1.7156769037246704
27,27Bw13,recession,"recession,",Content,NOUN,4.337327659130096
27,27Bw14,but,but,Function,CCONJ,0.3265745937824249
27,27Bw15,it,it,Function,PRON,2.6044397354125977
27,27Bw16,kept,kept,Content,VERB,9.79227066040039
27,27Bw17,falling,falling,Content,VERB,3.7983243465423584
27,27Bw18,even,even,Content,ADV,4.241365432739258
27,27Bw19,as,as,Function,SCONJ,0.6844313740730286
27,27Bw20,the,the,Function,DET,1.2599364519119263
27,27Bw21,economy,economy,Content,NOUN,2.265227794647217
27,27Bw22,recovered,recovered.,Content,VERB,2.980826497077942
28,28Aw01,New,New,Content,ADJ,5.534546852111816
28,28Aw02,research,research,Content,NOUN,3.9748339653015137
28,28Aw03,suggests,suggests,Content,VERB,1.7875995635986328
28,28Aw04,that,that,Function,SCONJ,0.37466126680374146
28,28Aw05,more,more,Content,ADJ,5.383943557739258
28,28Aw06,money,money,Content,NOUN,5.431305885314941
28,28Aw07,really,really,Content,ADV,8.602269172668457
28,28Aw08,does,does,Content,AUX,0.9094651341438293
28,28Aw09,lead,lead,Content,VERB,5.561139106750488
28,28Aw10,to,to,Function,ADP,0.011931363493204117
28,28Aw11,a,a,Function,DET,3.8070170879364014
28,28Aw12,more,more,Content,ADV,2.8688344955444336
28,28Aw13,satisfying,satisfying,Content,ADJ,5.556273460388184
28,28Aw14,life,life.,Content,NOUN,1.799456000328064
28,28Bw01,Surveys,Surveys,Content,NOUN,10.330457450821996
28,28Bw02,of,of,Function,ADP,1.6731609106063843
28,28Bw03,thousands,thousands,Content,NOUN,6.258409023284912
28,28Bw04,of,of,Function,ADP,0.00678390683606267
28,28Bw05,Swedish,Swedish,Content,ADJ,7.7191481590271
28,28Bw06,lottery,lottery,Content,NOUN,10.171152114868164
28,28Bw07,winners,winners,Content,NOUN,0.16758467257022858
28,28Bw08,have,have,Content,AUX,1.886717438697815
28,28Bw09,provided,provided,Content,VERB,5.929598808288574
28,28Bw10,persuasive,persuasive,Content,ADJ,8.12381649017334
28,28Bw11,evidence,evidence,Content,NOUN,0.16650646924972534
28,28Bw12,of,of,Function,ADP,2.174739122390747
28,28Bw13,this,this,Function,DET,0.7650064826011658
28,28Bw14,truth,truth.,Content,NOUN,6.761331737041473
29,29Aw01,Milan,Milan,Content,PROPN,10.716740608215332
29,29Aw02,has,has,Content,VERB,4.089905261993408
29,29Aw03,no,no,Function,DET,5.451660633087158
29,29Aw04,sea,sea.,Content,NOUN,20.91257095336914
29,29Bw01,It,It,Function,PRON,2.960811138153076
29,29Bw02,has,has,Content,VERB,2.236241579055786
29,29Bw03,no,no,Function,DET,0.9196318984031677
29,29Bw04,river,river,Content,NOUN,5.164671897888184
29,29Bw05,or,or,Function,CCONJ,3.022709608078003
29,29Bw06,lake,"lake,",Content,NOUN,4.92889928817749
29,29Bw07,just,just,Content,ADV,3.3817567825317383
29,29Bw08,a,a,Function,DET,0.5917968153953552
29,29Bw09,few,few,Content,ADJ,2.9292538166046143
29,29Bw10,ebbing,ebbing,Content,VERB,15.320085525512695
29,29Bw11,canals,canals.,Content,NOUN,8.825519800186157
30,30Aw01,Morality,Morality,Content,NOUN,13.047101497650146
30,30Aw02,exists,exists,Content,VERB,8.863931655883789
30,30Aw03,only,only,Content,ADV,4.568619251251221
30,30Aw04,because,because,Function,SCONJ,3.049182176589966
30,30Aw05,we,we,Function,PRON,2.1444408893585205
30,30Aw06,evolved,evolved,Content,VERB,6.693215847015381
30,30Aw07,the,the,Function,DET,4.943418025970459
30,30Aw08,capacity,capacity,Content,NOUN,4.67458438873291
30,30Aw09,to,to,Function,PART,0.27009642124176025
30,30Aw10,empathize,empathize.,Content,VERB,6.896086126565933
30,30Bw01,And,And,Function,CCONJ,4.295092582702637
30,30Bw02,empathy,empathy,Content,NOUN,5.048224449157715
30,30Bw03,provides,provides,Content,VERB,6.143110275268555
30,30Bw04,the,the,Function,DET,1.6823437213897705
30,30Bw05,best,best,Content,ADJ,3.7747464179992676
30,30Bw06,guide,guide,Content,NOUN,5.318032264709473
30,30Bw07,to,to,Function,ADP,0.27734020352363586
30,30Bw08,moral,moral,Content,ADJ,5.986818790435791
30,30Bw09,action,action.,Content,NOUN,3.8367380797863007
31,31Aw01,Story,Story,Content,NOUN,6.293069839477539
31,31Aw02,creates,creates,Content,VERB,12.748779296875
31,31Aw03,culture,culture.,Content,NOUN,12.198463439941406
31,31Bw01,It,It,Function,PRON,1.3343279361724854
31,31Bw02,teaches,teaches,Content,VERB,5.558041095733643
31,31Bw03,us,us,Function,PRON,1.8926349878311157
31,31Bw04,to,to,Function,PART,1.873867392539978
31,31Bw05,feel,"feel,",Content,VERB,7.388515472412109
31,31Bw06,think,think,Content,VERB,3.3221614360809326
31,31Bw07,and,and,Function,CCONJ,0.8579817414283752
31,31Bw08,behave,behave,Content,VERB,3.543829917907715
31,31Bw09,in,in,Function,ADP,1.6728086471557617
31,31Bw10,ways,ways,Content,NOUN,1.0211372375488281
31,31Bw11,generally,generally,Content,ADV,11.530779838562012
31,31Bw12,approved,approved,Content,VERB,7.429056644439697
31,31Bw13,of,of,Function,ADP,0.8667382597923279
31,31Bw14,by,by,Function,ADP,0.95843106508255
31,31Bw15,those,those,Function,PRON,4.0521135330200195
31,31Bw16,around,around,Function,ADP,0.26655617356300354
31,31Bw17,us,us.,Function,PRON,0.33087275736033916
32,32Aw01,Hospitals,Hospitals,Content,NOUN,11.38651630654931
32,32Aw02,are,are,Content,AUX,1.8866024017333984
32,32Aw03,often,often,Content,ADV,3.55865740776062
32,32Aw04,thought,thought,Content,VERB,5.734128952026367
32,32Aw05,of,of,Function,ADP,0.20023061335086823
32,32Aw06,as,as,Function,ADP,0.05651460215449333
32,32Aw07,the,the,Function,DET,2.3008904457092285
32,32Aw08,hubs,hubs,Content,NOUN,6.012035369873047
32,32Aw09,of,of,Function,ADP,0.21320857107639313
32,32Aw10,our,our,Function,PRON,4.4893999099731445
32,32Aw11,health,health,Content,NOUN,1.760628342628479
32,32Aw12,care,care,Content,NOUN,0.20670796930789948
32,32Aw13,system,system.,Content,NOUN,1.2079089432954788
32,32Bw01,But,But,Function,CCONJ,1.076594591140747
32,32Bw02,hospital,hospital,Content,NOUN,7.6410746574401855
32,32Bw03,closings,closings,Content,NOUN,8.115728702454362
32,32Bw04,are,are,Content,AUX,1.501347541809082
32,32Bw05,rising,"rising,",Content,VERB,9.886392593383789
32,32Bw06,particularly,particularly,Content,ADV,4.013672351837158
32,32Bw07,in,in,Function,ADP,1.0232902765274048
32,32Bw08,some,some,Function,DET,3.9916586875915527
32,32Bw09,types,types,Content,NOUN,6.843479633331299
32,32Bw10,of,of,Function,ADP,0.0010974343167617917
32,32Bw11,communities,communities.,Content,NOUN,6.049907445907593
33,33Aw01,Two,Two,Function,NUM,6.080782890319824
33,33Aw02,sexes,sexes,Content,NOUN,11.802953720092773
33,33Aw03,have,have,Content,AUX,1.9700456857681274
33,33Aw04,never,never,Content,ADV,5.402426719665527
33,33Aw05,been,been,Content,AUX,0.5476295351982117
33,33Aw06,enough,enough,Content,ADJ,8.84734058380127
33,33Aw07,to,to,Function,PART,1.8756248950958252
33,33Aw08,describe,describe,Content,VERB,6.6967082023620605
33,33Aw09,human,human,Content,ADJ,6.202495574951172
33,33Aw10,variety,variety.,Content,NOUN,9.707720160484314
33,33Bw01,Not,Not,Content,PART,5.335315704345703
33,33Bw02,in,in,Function,ADP,3.2252254486083984
33,33Bw03,biblical,biblical,Content,ADJ,8.842413902282715
33,33Bw04,times,times,Content,NOUN,1.299620509147644
33,33Bw05,and,and,Function,CCONJ,3.57389760017395
33,33Bw06,not,not,Content,PART,0.6202226877212524
33,33Bw07,now,now.,Content,ADV,5.254594504833221
34,34Aw01,The,The,Function,DET,2.477846145629883
34,34Aw02,biggest,biggest,Content,ADJ,6.230682849884033
34,34Aw03,racial,racial,Content,ADJ,9.456710815429688
34,34Aw04,preferences,preferences,Content,NOUN,9.959492683410645
34,34Aw05,in,in,Function,ADP,1.1538933515548706
34,34Aw06,this,this,Function,DET,4.4096527099609375
34,34Aw07,country,country,Content,NOUN,0.6385292410850525
34,34Aw08,have,have,Content,VERB,2.4857962131500244
34,34Aw09,nothing,nothing,Content,PRON,3.827277421951294
34,34Aw10,to,to,Function,PART,0.08243928104639053
34,34Aw11,do,do,Content,VERB,0.003451345022767782
34,34Aw12,with,with,Function,ADP,0.0021074246615171432
34,34Aw13,college,college,Content,NOUN,8.525089263916016
34,34Aw14,admissions,admissions,Content,NOUN,2.069000244140625
34,34Aw15,or,or,Function,CCONJ,2.3886501789093018
34,34Aw16,job,job,Content,NOUN,4.179628372192383
34,34Aw17,offers,offers.,Content,NOUN,3.5932504534721375
34,34Bw01,They,They,Function,PRON,2.246185302734375
34,34Bw02,have,have,Content,VERB,2.6954398155212402
34,34Bw03,to,to,Function,PART,2.0706846714019775
34,34Bw04,do,do,Content,VERB,0.014026396907866001
34,34Bw05,with,with,Function,ADP,0.0005667987279593945
34,34Bw06,political,political,Content,ADJ,4.881453990936279
34,34Bw07,power,power.,Content,NOUN,5.386066436767578
35,35Aw01,Businesses,Businesses,Content,NOUN,11.15114688873291
35,35Aw02,can,can,Function,AUX,3.7312304973602295
35,35Aw03,deliver,deliver,Content,VERB,7.136037826538086
35,35Aw04,everything,everything,Content,PRON,6.288969039916992
35,35Aw05,on,on,Function,ADP,4.279836177825928
35,35Aw06,demand,"demand,",Content,NOUN,5.626315116882324
35,35Aw07,from,from,Function,ADP,1.9082887172698975
35,35Aw08,dinner,dinner,Content,NOUN,7.772485256195068
35,35Aw09,to,to,Function,ADP,1.2271007299423218
35,35Aw10,dry,dry,Content,ADJ,9.493941307067871
35,35Aw11,cleaning,cleaning.,Content,NOUN,2.6499184370040894
35,35Bw01,Some,Some,Function,PRON,5.483515739440918
35,35Bw02,will,will,Function,AUX,4.376975059509277
35,35Bw03,even,even,Content,ADV,1.9952750205993652
35,35Bw04,show,show,Content,VERB,6.318586349487305
35,35Bw05,up,up,Function,ADP,0.7371153235435486
35,35Bw06,at,at,Function,ADP,1.5883914232254028
35,35Bw07,your,your,Function,PRON,0.9278301000595093
35,35Bw08,door,door,Content,NOUN,0.5997369289398193
35,35Bw09,to,to,Function,PART,1.7003190517425537
35,35Bw10,give,give,Content,VERB,3.2119264602661133
35,35Bw11,you,you,Function,PRON,0.11769413203001022
35,35Bw12,cupcakes,cupcakes,Content,NOUN,10.58022953569889
35,35Bw13,or,or,Function,CCONJ,2.252870798110962
35,35Bw14,walk,walk,Content,VERB,8.044090270996094
35,35Bw15,your,your,Function,PRON,3.6566708087921143
35,35Bw16,dog,dog.,Content,NOUN,0.7689414173364639
36,36Aw01,Planning,Planning,Content,VERB,9.802379548549652
36,36Aw02,for,for,Function,ADP,2.169351100921631
36,36Aw03,vacation,vacation,Content,NOUN,8.296809196472168
36,36Aw04,is,is,Content,AUX,2.454115629196167
36,36Aw05,fun,fun.,Content,ADJ,7.264368772506714
36,36Bw01,We,We,Function,PRON,3.433178186416626
36,36Bw02,make,make,Content,VERB,4.9633564949035645
36,36Bw03,lists,lists,Content,NOUN,7.294589042663574
36,36Bw04,of,of,Function,ADP,0.9436129331588745
36,36Bw05,clothes,clothes,Content,NOUN,9.310380935668945
36,36Bw06,to,to,Function,PART,1.9972399473190308
36,36Bw07,pack,pack,Content,VERB,6.073957443237305
36,36Bw08,and,and,Function,CCONJ,1.5132863521575928
36,36Bw09,museums,museums,Content,NOUN,11.427366256713867
36,36Bw10,to,to,Function,PART,0.24884366989135742
36,36Bw11,visit,"visit,",Content,VERB,3.432684063911438
36,36Bw12,anticipating,anticipating,Content,VERB,12.50369930267334
36,36Bw13,the,the,Function,DET,1.399630069732666
36,36Bw14,relaxation,relaxation,Content,NOUN,10.22309684753418
36,36Bw15,and,and,Function,CCONJ,1.673681616783142
36,36Bw16,fun,fun,Content,NOUN,3.4738786220550537
36,36Bw17,to,to,Function,PART,4.281058311462402
36,36Bw18,come,come.,Content,VERB,2.768358200788498
37,37Aw01,Certain,Certain,Content,ADJ,9.917499542236328
37,37Aw02,types,types,Content,NOUN,4.353697776794434
37,37Aw03,of,of,Function,ADP,0.004787292331457138
37,37Aw04,wine,wine,Content,NOUN,7.515745639801025
37,37Aw05,seem,seem,Content,VERB,7.868622779846191
37,37Aw06,incapable,incapable,Content,ADJ,9.888262748718262
37,37Aw07,of,of,Function,ADP,0.0189514197409153
37,37Aw08,winning,winning,Content,VERB,6.335655212402344
37,37Aw09,popular,popular,Content,ADJ,7.714936256408691
37,37Aw10,acceptance,acceptance.,Content,NOUN,5.470492362976074
37,37Bw01,Riesling,Riesling,Content,PROPN,12.051565915346146
37,37Bw02,is,is,Content,AUX,2.5140137672424316
37,37Bw03,one,"one,",Function,NUM,7.516262173652649
37,37Bw04,particularly,particularly,Content,ADV,5.517818450927734
37,37Bw05,in,in,Function,ADP,1.8569605350494385
37,37Bw06,its,its,Function,PRON,5.139483451843262
37,37Bw07,moderately,moderately,Content,ADV,8.91561508178711
37,37Bw08,sweet,sweet,Content,ADJ,2.2694709300994873
37,37Bw09,form,form.,Content,NOUN,4.335298657417297
38,38Aw01,Bankers,Bankers,Content,NOUN,12.937162160873413
38,38Aw02,kept,kept,Content,VERB,9.176377296447754
38,38Aw03,their,their,Function,PRON,2.2883195877075195
38,38Aw04,name,name,Content,NOUN,7.4664740562438965
38,38Aw05,tags,tags,Content,NOUN,6.518045425415039
38,38Aw06,obscured,obscured,Content,VERB,9.599719047546387
38,38Aw07,behind,behind,Function,ADP,5.212031364440918
38,38Aw08,ties,ties.,Content,NOUN,11.21082353591919
38,38Bw01,Many,Many,Content,ADJ,5.657757759094238
38,38Bw02,tried,tried,Content,VERB,6.398236274719238
38,38Bw03,to,to,Function,PART,0.14246897399425507
38,38Bw04,keep,keep,Content,VERB,2.973118305206299
38,38Bw05,a,a,Function,DET,3.2251105308532715
38,38Bw06,low,low,Content,ADJ,3.227067470550537
38,38Bw07,profile,profile,Content,NOUN,0.027083799242973328
38,38Bw08,and,and,Function,CCONJ,2.9643590450286865
38,38Bw09,avoided,avoided,Content,VERB,3.685194492340088
38,38Bw10,talking,talking,Content,VERB,3.408660411834717
38,38Bw11,to,to,Function,ADP,2.0997262001037598
38,38Bw12,the,the,Function,DET,1.1994905471801758
38,38Bw13,news,news,Content,NOUN,4.986875057220459
38,38Bw14,media,media.,Content,NOUN,0.8120922297239304
39,39Aw01,Hollywood,Hollywood,Content,PROPN,8.70589566230774
39,39Aw02,executives,executives,Content,NOUN,6.155709266662598
39,39Aw03,are,are,Content,AUX,1.380960464477539
39,39Aw04,not,not,Content,PART,4.535128593444824
39,39Aw05,so,so,Content,ADV,4.030930042266846
39,39Aw06,different,different,Content,ADJ,5.8339948654174805
39,39Aw07,from,from,Function,ADP,0.23039506375789642
39,39Aw08,the,the,Function,DET,1.7002477645874023
39,39Aw09,stars,stars,Content,NOUN,6.369208812713623
39,39Aw10,they,they,Function,PRON,2.5080618858337402
39,39Aw11,employ,employ.,Content,VERB,9.600360870361328
39,39Bw01,They,They,Function,PRON,2.323270797729492
39,39Bw02,want,want,Content,VERB,4.893008708953857
39,39Bw03,to,to,Function,PART,0.5383930802345276
39,39Bw04,be,be,Content,AUX,1.8237601518630981
39,39Bw05,seen,seen,Content,VERB,2.338099956512451
39,39Bw06,in,in,Function,ADP,3.421588659286499
39,39Bw07,the,the,Function,DET,1.3269221782684326
39,39Bw08,right,right,Content,ADJ,3.3453564643859863
39,39Bw09,booths,booths,Content,NOUN,13.32300090789795
39,39Bw10,at,at,Function,ADP,2.685650110244751
39,39Bw11,the,the,Function,DET,0.3527258336544037
39,39Bw12,right,right,Content,ADJ,0.09732703119516373
39,39Bw13,restaurants,restaurants.,Content,NOUN,8.314819395542145
40,40Aw01,The,The,Function,PRON,2.5314536094665527
40,40Aw02,more,more,Content,ADV,7.453053951263428
40,40Aw03,we,we,Function,PRON,3.0949952602386475
40,40Aw04,learn,learn,Content,VERB,2.0077970027923584
40,40Aw05,about,about,Function,ADP,0.11630332469940186
40,40Aw06,how,how,Content,SCONJ,3.3917553424835205
40,40Aw07,people,people,Content,NOUN,4.330963611602783
40,40Aw08,really,really,Content,ADV,5.990062713623047
40,40Aw09,think,"think,",Content,VERB,3.4999502301216125
40,40Aw10,the,the,Function,PRON,0.11208143085241318
40,40Aw11,more,more,Content,ADV,0.3700290620326996
40,40Aw12,we,we,Function,PRON,0.7310130000114441
40,40Aw13,must,must,Function,AUX,5.77003288269043
40,40Aw14,rethink,rethink,Content,VERB,5.537661552429199
40,40Aw15,economic,economic,Content,ADJ,9.764801025390625
40,40Aw16,theory,theory.,Content,NOUN,2.8940948247909546
40,40Bw01,Changes,Changes,Content,NOUN,9.565192222595215
40,40Bw02,in,in,Function,ADP,0.26799190044403076
40,40Bw03,fundamental,fundamental,Content,ADJ,6.557971477508545
40,40Bw04,beliefs,beliefs,Content,NOUN,3.415693521499634
40,40Bw05,play,play,Content,VERB,6.992186069488525
40,40Bw06,a,a,Function,DET,0.28998613357543945
40,40Bw07,major,major,Content,ADJ,2.320087432861328
40,40Bw08,role,role,Content,NOUN,0.047888945788145065
40,40Bw09,in,in,Function,ADP,0.09985172003507614
40,40Bw10,the,the,Function,DET,2.1876602172851562
40,40Bw11,fluctuations,fluctuations,Content,NOUN,10.107446670532227
40,40Bw12,of,of,Function,ADP,1.3979376554489136
40,40Bw13,the,the,Function,DET,2.150317668914795
40,40Bw14,economy,economy.,Content,NOUN,3.438244581222534
41,41Aw01,History,History,Content,NOUN,8.252205848693848
41,41Aw02,suggests,suggests,Content,VERB,8.392285346984863
41,41Aw03,that,that,Function,SCONJ,0.5470209717750549
41,41Aw04,the,the,Function,DET,1.626921534538269
41,41Aw05,world,world,Content,NOUN,4.426000595092773
41,41Aw06,is,is,Content,AUX,1.773693323135376
41,41Aw07,about,about,Function,ADV,3.2169954776763916
41,41Aw08,due,due,Content,ADJ,11.973333358764648
41,41Aw09,for,for,Function,ADP,1.1632591485977173
41,41Aw10,another,another,Function,DET,2.1468398571014404
41,41Aw11,financial,financial,Content,ADJ,6.446583271026611
41,41Aw12,crisis,crisis.,Content,NOUN,1.3063719868659973
41,41Bw01,One,One,Function,NUM,4.919046401977539
41,41Bw02,of,of,Function,ADP,1.2487589120864868
41,41Bw03,the,the,Function,DET,0.15857207775115967
41,41Bw04,places,places,Content,NOUN,7.893795490264893
41,41Bw05,it,it,Function,PRON,3.9328014850616455
41,41Bw06,might,might,Function,AUX,3.3505008220672607
41,41Bw07,start,"start,",Content,VERB,6.4606335163116455
41,41Bw08,according,according,Content,VERB,2.884870767593384
41,41Bw09,to,to,Function,ADP,0.0008233971311710775
41,41Bw10,a,a,Function,DET,2.1109745502471924
41,41Bw11,growing,growing,Content,VERB,6.246372699737549
41,41Bw12,number,number,Content,NOUN,0.7747061252593994
41,41Bw13,of,of,Function,ADP,0.0143510140478611
41,41Bw14,indicators,"indicators,",Content,NOUN,7.503011405467987
41,41Bw15,is,is,Content,AUX,0.2511313855648041
41,41Bw16,Italy,Italy.,Content,PROPN,7.3053600788116455
42,42Aw01,Few,Few,Content,ADJ,7.914978981018066
42,42Aw02,doubt,doubt,Content,VERB,8.838693618774414
42,42Aw03,that,that,Function,SCONJ,0.5735049247741699
42,42Aw04,energy,energy,Content,NOUN,9.087931632995605
42,42Aw05,has,has,Content,AUX,3.925846815109253
42,42Aw06,improved,improved,Content,VERB,6.3649492263793945
42,42Aw07,lives,lives,Content,NOUN,7.018612861633301
42,42Aw08,and,and,Function,CCONJ,2.213723659515381
42,42Aw09,enabled,enabled,Content,VERB,7.824844837188721
42,42Aw10,human,human,Content,ADJ,5.1635212898254395
42,42Aw11,progress,progress.,Content,NOUN,3.545397162437439
42,42Bw01,Yet,Yet,Content,CCONJ,3.7365593910217285
42,42Bw02,one,one,Function,NUM,4.581811428070068
42,42Bw03,of,of,Function,ADP,0.9360908269882202
42,42Bw04,the,the,Function,DET,0.10766845941543579
42,42Bw05,biggest,biggest,Content,ADJ,2.4326391220092773
42,42Bw06,challenges,challenges,Content,NOUN,1.4977388381958008
42,42Bw07,facing,facing,Content,VERB,0.6400396823883057
42,42Bw08,the,the,Function,DET,1.3934259414672852
42,42Bw09,world,world,Content,NOUN,1.5028941631317139
42,42Bw10,is,is,Content,AUX,1.7125868797302246
42,42Bw11,the,the,Function,DET,1.4778250455856323
42,42Bw12,polarized,polarized,Content,VERB,11.104472160339355
42,42Bw13,debate,debate,Content,NOUN,4.993956565856934
42,42Bw14,over,over,Function,ADP,0.6285547018051147
42,42Bw15,the,the,Function,DET,1.8520691394805908
42,42Bw16,future,future,Content,NOUN,2.3814163208007812
42,42Bw17,of,of,Function,ADP,0.12863755226135254
42,42Bw18,energy,energy.,Content,NOUN,2.168616533279419
43,43Aw01,Dance,Dance,Content,NOUN,10.923099994659424
43,43Aw02,is,is,Content,AUX,3.628427028656006
43,43Aw03,about,about,Function,ADP,3.869314670562744
43,43Aw04,change,change.,Content,NOUN,7.908308207988739
43,43Bw01,The,The,Function,DET,3.116262435913086
43,43Bw02,body,body,Content,NOUN,6.392379283905029
43,43Bw03,keeps,keeps,Content,VERB,8.018369674682617
43,43Bw04,altering,altering,Content,VERB,7.253940105438232
43,43Bw05,its,its,Function,PRON,1.2779854536056519
43,43Bw06,shape,shape,Content,NOUN,1.5703519582748413
43,43Bw07,while,while,Function,SCONJ,4.304905891418457
43,43Bw08,we,we,Function,PRON,4.028409004211426
43,43Bw09,watch,watch,Content,VERB,4.036953926086426
43,43Bw10,it,it,Function,PRON,0.9231123924255371
43,43Bw11,move,move.,Content,VERB,6.308099627494812
44,44Aw01,Plants,Plants,Content,NOUN,11.459205865859985
44,44Aw02,have,have,Content,VERB,3.4372355937957764
44,44Aw03,no,no,Function,DET,5.0318074226379395
44,44Aw04,eyes,"eyes,",Content,NOUN,7.935669660568237
44,44Aw05,no,no,Function,DET,2.1962056159973145
44,44Aw06,ears,"ears,",Content,NOUN,1.6230684220790863
44,44Aw07,no,no,Function,DET,0.7608550190925598
44,44Aw08,mouth,mouth,Content,NOUN,4.251184463500977
44,44Aw09,and,and,Function,CCONJ,2.042975664138794
44,44Aw10,no,no,Function,DET,0.4567602574825287
44,44Aw11,hands,hands.,Content,NOUN,3.9283798038959503
44,44Bw01,They,They,Function,PRON,1.8165968656539917
44,44Bw02,do,do,Content,AUX,4.449557304382324
44,44Bw03,not,not,Content,PART,0.26115819811820984
44,44Bw04,have,have,Content,VERB,1.6000597476959229
44,44Bw05,a,a,Function,DET,2.0183446407318115
44,44Bw06,brain,brain,Content,NOUN,3.2853291034698486
44,44Bw07,or,or,Function,CCONJ,2.342604637145996
44,44Bw08,a,a,Function,DET,1.211336374282837
44,44Bw09,nervous,nervous,Content,ADJ,4.981768608093262
44,44Bw10,system,system.,Content,NOUN,0.6340773073025048
45,45Aw01,There,There,Content,PRON,4.865657329559326
45,45Aw02,are,are,Content,VERB,1.221038818359375
45,45Aw03,many,many,Content,ADV,2.196955442428589
45,45Aw04,more,more,Content,ADJ,4.960355281829834
45,45Aw05,gorillas,gorillas,Content,NOUN,12.246615041047335
45,45Aw06,and,and,Function,CCONJ,3.905000925064087
45,45Aw07,chimpanzees,chimpanzees,Content,NOUN,2.04036021232605
45,45Aw08,than,than,Function,SCONJ,1.65631103515625
45,45Aw09,previously,previously,Content,ADV,6.277728080749512
45,45Aw10,believed,"believed,",Content,VERB,4.342705965042114
45,45Aw11,new,new,Content,ADJ,7.310425758361816
45,45Aw12,research,research,Content,NOUN,0.16699522733688354
45,45Aw13,finds,finds.,Content,VERB,2.862165704369545
45,45Bw01,Nonetheless,"Nonetheless,",Content,ADV,10.144124641083181
45,45Bw02,their,their,Function,PRON,3.926292657852173
45,45Bw03,numbers,numbers,Content,NOUN,1.0772210359573364
45,45Bw04,are,are,Content,AUX,1.1104092597961426
45,45Bw05,rapidly,rapidly,Content,ADV,5.3863396644592285
45,45Bw06,declining,declining.,Content,VERB,4.039112687110901
46,46Aw01,Forests,Forests,Content,NOUN,13.056500911712646
46,46Aw02,are,are,Content,AUX,1.6184476613998413
46,46Aw03,disappearing,disappearing.,Content,VERB,8.080084800720215
46,46Bw01,Maps,Maps,Content,NOUN,9.413244247436523
46,46Bw02,show,show,Content,VERB,2.10001802444458
46,46Bw03,shrinking,shrinking,Content,VERB,7.354089736938477
46,46Bw04,woodlands,woodlands,Content,NOUN,8.061623111367226
46,46Bw05,all,all,Function,ADV,7.415098190307617
46,46Bw06,over,over,Function,ADP,0.3316553831100464
46,46Bw07,the,the,Function,DET,0.3135335147380829
46,46Bw08,world,world.,Content,NOUN,1.2122709155082703
47,47Aw01,A,A,Function,DET,3.141892671585083
47,47Aw02,cowboy,cowboy,Content,NOUN,10.389520645141602
47,47Aw03,walks,walks,Content,VERB,6.129402160644531
47,47Aw04,into,into,Function,ADP,1.6177116632461548
47,47Aw05,a,a,Function,DET,0.5220658183097839
47,47Aw06,bar,bar.,Content,NOUN,5.470133304595947
47,47Bw01,Or,Or,Function,CCONJ,7.520990371704102
47,47Bw02,more,more,Content,ADV,5.031349182128906
47,47Bw03,specifically,"specifically,",Content,ADV,1.892749547958374
47,47Bw04,a,a,Function,DET,0.8400803804397583
47,47Bw05,Nigerian,Nigerian,Content,ADJ,11.609957695007324
47,47Bw06,immigrant,immigrant,Content,NOUN,5.804068565368652
47,47Bw07,grad,grad,Content,ADJ,12.412660598754883
47,47Bw08,student,student,Content,NOUN,0.26337847113609314
47,47Bw09,in,in,Function,ADP,3.62068247795105
47,47Bw10,a,a,Function,DET,1.7578380107879639
47,47Bw11,cowboy,cowboy,Content,NOUN,3.257925510406494
47,47Bw12,hat,hat,Content,NOUN,0.3047831654548645
47,47Bw13,walks,walks,Content,VERB,2.487678050994873
47,47Bw14,into,into,Function,ADP,0.6521673798561096
47,47Bw15,a,a,Function,DET,1.3465982675552368
47,47Bw16,bar,bar,Content,NOUN,0.3045421540737152
47,47Bw17,in,in,Function,ADP,3.4262855052948
47,47Bw18,Oklahoma,Oklahoma.,Content,PROPN,6.803991079330444
48,48Aw01,One,One,Function,NUM,5.209444999694824
48,48Aw02,man,man,Content,NOUN,5.114698886871338
48,48Aw03,vanished,vanished,Content,VERB,9.54289436340332
48,48Aw04,diving,diving,Content,VERB,14.945286750793457
48,48Aw05,at,at,Function,ADP,5.4334282875061035
48,48Aw06,midnight,midnight.,Content,NOUN,9.889533996582031
48,48Bw01,Another,Another,Function,PRON,2.378540277481079
48,48Bw02,was,was,Content,AUX,1.6230963468551636
48,48Bw03,attacked,attacked,Content,VERB,4.844440460205078
48,48Bw04,by,by,Function,ADP,1.0062006711959839
48,48Bw05,a,a,Function,DET,0.5756364464759827
48,48Bw06,great,great,Content,ADJ,9.082691192626953
48,48Bw07,white,white,Content,ADJ,0.6114857196807861
48,48Bw08,shark,shark,Content,NOUN,0.13837482035160065
48,48Bw09,in,in,Function,ADP,2.5421221256256104
48,48Bw10,deep,deep,Content,ADJ,7.445549964904785
48,48Bw11,water,water.,Content,NOUN,1.2173039317131042
49,49Aw01,Student,Student,Content,NOUN,9.215081214904785
49,49Aw02,loans,loans,Content,NOUN,4.2472076416015625
49,49Aw03,are,are,Content,AUX,1.1731553077697754
49,49Aw04,central,central,Content,ADJ,8.829113960266113
49,49Aw05,to,to,Function,ADP,0.09761910885572433
49,49Aw06,financing,financing,Content,VERB,7.667825698852539
49,49Aw07,college,college,Content,NOUN,1.8082571029663086
49,49Aw08,educations,"educations,",Content,NOUN,6.201616519130766
49,49Aw09,yet,yet,Content,CCONJ,4.422968864440918
49,49Aw10,millions,millions,Content,NOUN,5.883656978607178
49,49Aw11,of,of,Function,ADP,0.18178023397922516
49,49Aw12,borrowers,borrowers,Content,NOUN,2.8218071460723877
49,49Aw13,are,are,Content,AUX,1.2914783954620361
49,49Aw14,in,in,Function,ADP,4.939110279083252
49,49Aw15,default,default.,Content,NOUN,4.4112396240234375
49,49Bw01,That,That,Function,PRON,3.5882339477539062
49,49Bw02,is,is,Content,AUX,2.8726649284362793
49,49Bw03,clear,clear,Content,ADJ,7.76707649230957
49,49Bw04,evidence,evidence,Content,NOUN,4.419677734375
49,49Bw05,that,that,Function,SCONJ,0.4957702159881592
49,49Bw06,the,the,Function,DET,1.6284431219100952
49,49Bw07,system,system,Content,NOUN,4.076423168182373
49,49Bw08,is,is,Content,AUX,0.6905830502510071
49,49Bw09,in,in,Function,ADP,2.8963241577148438
49,49Bw10,dire,dire,Content,ADJ,2.386322498321533
49,49Bw11,need,need,Content,NOUN,0.32599177956581116
49,49Bw12,of,of,Function,ADP,0.01415063813328743
49,49Bw13,improvement,improvement.,Content,NOUN,4.720137268304825
50,50Aw01,People,People,Content,NOUN,6.672229290008545
50,50Aw02,seem,seem,Content,VERB,6.281018257141113
50,50Aw03,to,to,Function,PART,0.09196295589208603
50,50Aw04,be,be,Content,AUX,1.5847691297531128
50,50Aw05,more,more,Content,ADV,3.521512031555176
50,50Aw06,worried,worried,Content,ADJ,4.771941184997559
50,50Aw07,than,than,Function,ADP,2.8931539058685303
50,50Aw08,ever,ever,Content,ADV,0.5221659541130066
50,50Aw09,about,about,Content,ADP,0.23648127913475037
50,50Aw10,stress,stress.,Content,NOUN,11.873422026634216
50,50Bw01,We,We,Function,PRON,3.6565732955932617
50,50Bw02,hear,hear,Content,VERB,5.493893623352051
50,50Bw03,that,that,Function,SCONJ,2.037614107131958
50,50Bw04,stress,stress,Content,NOUN,2.37207293510437
50,50Bw05,can,can,Function,AUX,2.024510622024536
50,50Bw06,lead,lead,Content,VERB,2.6579883098602295
50,50Bw07,to,to,Function,ADP,0.06732318550348282
50,50Bw08,everything,everything,Content,PRON,7.216848373413086
50,50Bw09,from,from,Function,ADP,0.03928555175662041
50,50Bw10,depression,depression,Content,NOUN,2.1220154762268066
50,50Bw11,to,to,Function,ADP,0.21976977586746216
50,50Bw12,cancer,cancer.,Content,NOUN,4.508690178394318
51,51Aw01,Music,Music,Content,NOUN,9.061074256896973
51,51Aw02,can,can,Function,AUX,5.9483184814453125
51,51Aw03,transport,transport,Content,VERB,8.349522590637207
51,51Aw04,us,us,Function,PRON,1.5358916521072388
51,51Aw05,back,back,Content,ADV,3.4744434356689453
51,51Aw06,in,in,Function,ADP,1.472693681716919
51,51Aw07,time,time,Content,NOUN,0.0025242867413908243
51,51Aw08,or,or,Function,CCONJ,5.904483318328857
51,51Aw09,help,help,Content,VERB,4.259288787841797
51,51Aw10,usher,usher,Content,VERB,7.385682106018066
51,51Aw11,in,in,Function,ADP,1.246687412261963
51,51Aw12,new,new,Content,ADJ,2.671358585357666
51,51Aw13,ways,ways,Content,NOUN,4.627457618713379
51,51Aw14,of,of,Function,ADP,0.32573172450065613
51,51Aw15,thinking,thinking.,Content,NOUN,2.7955822944641113
51,51Bw01,It,It,Function,PRON,2.668280601501465
51,51Bw02,can,can,Function,AUX,1.1899055242538452
51,51Bw03,capture,capture,Content,VERB,8.453207969665527
51,51Bw04,a,a,Function,DET,2.408534049987793
51,51Bw05,historical,historical,Content,ADJ,8.573680877685547
51,51Bw06,moment,moment,Content,NOUN,0.3744369149208069
51,51Bw07,or,or,Function,CCONJ,1.771875262260437
51,51Bw08,offer,offer,Content,VERB,4.881653785705566
51,51Bw09,an,an,Function,DET,2.2751011848449707
51,51Bw10,escape,escape,Content,NOUN,4.283502578735352
51,51Bw11,from,from,Function,ADP,0.2117607146501541
51,51Bw12,the,the,Function,DET,1.2243448495864868
51,51Bw13,world,world,Content,NOUN,3.3599050045013428
51,51Bw14,around,around,Function,ADP,3.5405101776123047
51,51Bw15,us,us.,Function,PRON,0.5959678441286087
52,52Aw01,The,The,Function,DET,2.5314536094665527
52,52Aw02,laws,laws,Content,NOUN,9.399892807006836
52,52Aw03,that,that,Function,PRON,3.5022382736206055
52,52Aw04,authorize,authorize,Content,VERB,7.346280097961426
52,52Aw05,medical,medical,Content,ADJ,5.404622554779053
52,52Aw06,aid,aid,Content,NOUN,7.68915319442749
52,52Aw07,in,in,Function,ADP,2.5676469802856445
52,52Aw08,dying,dying,Content,VERB,5.001250267028809
52,52Aw09,have,have,Content,AUX,2.97335147857666
52,52Aw10,worked,worked,Content,VERB,8.98420524597168
52,52Aw11,exactly,exactly,Content,ADV,7.7606611251831055
52,52Aw12,as,as,Function,SCONJ,0.34255507588386536
52,52Aw13,intended,"intended,",Content,VERB,3.4642664194107056
52,52Aw14,the,the,Function,DET,3.5156044960021973
52,52Aw15,evidence,evidence,Content,NOUN,8.015802383422852
52,52Aw16,shows,shows.,Content,VERB,1.8410028219223022
52,52Bw01,They,They,Function,PRON,4.8598246574401855
52,52Bw02,have,have,Content,AUX,1.4728240966796875
52,52Bw03,benefited,benefited,Content,VERB,7.2900261878967285
52,52Bw04,dying,dying,Content,VERB,7.849447727203369
52,52Bw05,patients,patients,Content,NOUN,1.479137897491455
52,52Bw06,and,and,Function,CCONJ,1.7493230104446411
52,52Bw07,their,their,Function,PRON,1.1216559410095215
52,52Bw08,families,families,Content,NOUN,0.20890936255455017
52,52Bw09,without,without,Function,ADP,5.84992790222168
52,52Bw10,causing,causing,Content,VERB,2.9776105880737305
52,52Bw11,any,any,Function,DET,2.5498528480529785
52,52Bw12,harm,harm,Content,NOUN,1.6537578105926514
52,52Bw13,to,to,Function,ADP,1.041780948638916
52,52Bw14,anyone,anyone.,Content,PRON,4.142056703567505
53,53Aw01,Israel,Israel,Content,PROPN,8.258014678955078
53,53Aw02,cannot,cannot,Function,AUX,8.99909782409668
53,53Aw03,define,define,Content,VERB,8.444661140441895
53,53Aw04,a,a,Function,DET,1.8535552024841309
53,53Aw05,Jew,Jew.,Content,PROPN,9.333707809448242
53,53Bw01,And,And,Function,CCONJ,4.252850532531738
53,53Bw02,the,the,Function,PRON,2.5185296535491943
53,53Bw03,more,more,Content,ADV,6.597692012786865
53,53Bw04,it,it,Function,PRON,3.1573996543884277
53,53Bw05,attempts,attempts,Content,VERB,5.172243118286133
53,53Bw06,to,to,Function,PART,0.05571124702692032
53,53Bw07,do,do,Content,VERB,2.198791980743408
53,53Bw08,so,"so,",Content,ADV,0.2408154085278511
53,53Bw09,the,the,Function,PRON,0.013973027467727661
53,53Bw10,more,more,Content,ADV,0.24165590107440948
53,53Bw11,obvious,obvious,Content,ADJ,5.914275169372559
53,53Bw12,that,that,Function,PRON,3.7115917205810547
53,53Bw13,becomes,becomes.,Content,VERB,7.8225513100624084
54,54Aw01,Corporate,Corporate,Content,ADJ,9.979546785354614
54,54Aw02,tax,tax,Content,NOUN,4.94161319732666
54,54Aw03,cuts,cuts,Content,NOUN,3.463850975036621
54,54Aw04,will,will,Function,AUX,3.2194581031799316
54,54Aw05,put,put,Content,VERB,5.600152015686035
54,54Aw06,billions,billions,Content,NOUN,3.6725847721099854
54,54Aw07,of,of,Function,ADP,0.2813689410686493
54,54Aw08,dollars,dollars,Content,NOUN,0.21861393749713898
54,54Aw09,back,back,Content,ADV,2.9226698875427246
54,54Aw10,in,in,Function,ADP,1.1552510261535645
54,54Aw11,the,the,Function,DET,0.6172024011611938
54,54Aw12,hands,hands,Content,NOUN,2.827392339706421
54,54Aw13,of,of,Function,ADP,0.001127441762946546
54,54Aw14,businesses,businesses,Content,NOUN,5.3180341720581055
54,54Aw15,this,this,Function,DET,5.667421340942383
54,54Aw16,year,year.,Content,NOUN,2.4008871018886566
54,54Bw01,Naturally,"Naturally,",Content,ADV,11.249119706451893
54,54Bw02,people,people,Content,NOUN,4.925556182861328
54,54Bw03,want,want,Content,VERB,2.7616260051727295
54,54Bw04,to,to,Function,PART,0.33576905727386475
54,54Bw05,know,know,Content,VERB,1.4310098886489868
54,54Bw06,how,how,Content,SCONJ,1.2725472450256348
54,54Bw07,those,those,Function,DET,3.9150078296661377
54,54Bw08,businesses,businesses,Content,NOUN,5.711663246154785
54,54Bw09,will,will,Function,AUX,1.650980830192566
54,54Bw10,spend,spend,Content,VERB,2.7321548461914062
54,54Bw11,it,it.,Function,PRON,2.524205893278122
55,55Aw01,Florida,"Florida,",Content,PROPN,13.523392677307129
55,55Aw02,it,it,Function,PRON,5.83527135848999
55,55Aw03,seems,"seems,",Content,VERB,1.1873839050531387
55,55Aw04,has,has,Content,AUX,1.6671643257141113
55,55Aw05,always,always,Content,ADV,5.137763023376465
55,55Aw06,been,been,Content,AUX,0.3830709457397461
55,55Aw07,a,a,Function,DET,0.8320298790931702
55,55Aw08,popular,popular,Content,ADJ,5.201019287109375
55,55Aw09,destination,destination.,Content,NOUN,4.845311284065247
55,55Bw01,Even,Even,Content,ADV,5.075072288513184
55,55Bw02,the,the,Function,DET,3.0675487518310547
55,55Bw03,first,first,Content,ADJ,4.847666263580322
55,55Bw04,known,known,Content,VERB,7.899259567260742
55,55Bw05,Americans,Americans,Content,PROPN,7.560581207275391
55,55Bw06,gravitated,gravitated,Content,VERB,9.901925384998322
55,55Bw07,to,to,Function,ADP,0.38601648807525635
55,55Bw08,the,the,Function,DET,1.2478541135787964
55,55Bw09,state,state.,Content,NOUN,2.4096726179122925
56,56Aw01,When,When,Content,SCONJ,4.833508491516113
56,56Aw02,early,early,Content,ADJ,8.88630199432373
56,56Aw03,humans,humans,Content,NOUN,7.142276763916016
56,56Aw04,discovered,discovered,Content,VERB,5.127199172973633
56,56Aw05,how,how,Content,SCONJ,3.7493507862091064
56,56Aw06,to,to,Function,PART,0.2629089653491974
56,56Aw07,build,build,Content,VERB,3.1329941749572754
56,56Aw08,fires,"fires,",Content,NOUN,8.217937171459198
56,56Aw09,life,life,Content,NOUN,7.582204818725586
56,56Aw10,became,became,Content,VERB,4.057510852813721
56,56Aw11,much,much,Content,ADV,2.6786351203918457
56,56Aw12,easier,easier,Content,ADJ,2.6189234256744385
56,56Aw13,in,in,Function,ADP,3.767425775527954
56,56Aw14,many,many,Content,ADJ,5.375087738037109
56,56Aw15,regards,regards.,Content,NOUN,8.955538764595985
56,56Bw01,They,They,Function,PRON,3.1711907386779785
56,56Bw02,huddled,huddled,Content,VERB,9.712733626365662
56,56Bw03,around,around,Function,ADP,1.9631826877593994
56,56Bw04,fire,fire,Content,NOUN,3.3159871101379395
56,56Bw05,for,for,Function,ADP,5.209104061126709
56,56Bw06,warmth,"warmth,",Content,NOUN,6.48821359872818
56,56Bw07,light,light,Content,NOUN,5.059113025665283
56,56Bw08,and,and,Function,CCONJ,1.168630599975586
56,56Bw09,protection,protection.,Content,NOUN,4.982262194156647
57,57Aw01,For,For,Function,ADP,5.115639686584473
57,57Aw02,most,most,Content,ADJ,3.9254283905029297
57,57Aw03,of,of,Function,ADP,0.9138113260269165
57,57Aw04,human,human,Content,ADJ,5.421102523803711
57,57Aw05,history,"history,",Content,NOUN,0.17506470996886492
57,57Aw06,nobody,nobody,Content,PRON,7.67755126953125
57,57Aw07,ate,ate,Content,VERB,7.7379045486450195
57,57Aw08,a,a,Function,DET,2.1587605476379395
57,57Aw09,vegetable,vegetable,Content,NOUN,5.72645378112793
57,57Aw10,for,for,Function,ADP,4.711016654968262
57,57Aw11,pleasure,pleasure.,Content,NOUN,7.502419650554657
57,57Bw01,After,After,Function,ADV,4.884852409362793
57,57Bw02,all,"all,",Function,PRON,0.61472521815449
57,57Bw03,vegetables,vegetables,Content,NOUN,3.7902958393096924
57,57Bw04,have,have,Content,VERB,2.7718112468719482
57,57Bw05,no,no,Function,DET,3.3930540084838867
57,57Bw06,evolutionary,evolutionary,Content,ADJ,7.212433815002441
57,57Bw07,imperative,imperative,Content,NOUN,7.068221569061279
57,57Bw08,to,to,Function,PART,1.6507527828216553
57,57Bw09,be,be,Content,AUX,1.963571548461914
57,57Bw10,delicious,delicious.,Content,ADJ,3.5430972278118134
58,58Aw01,Animals,Animals,Content,NOUN,9.867864429950714
58,58Aw02,around,around,Function,ADP,6.133362293243408
58,58Aw03,the,the,Function,DET,0.08576161414384842
58,58Aw04,world,world,Content,NOUN,0.08014529943466187
58,58Aw05,are,are,Content,AUX,0.8385336995124817
58,58Aw06,on,on,Function,ADP,4.984953880310059
58,58Aw07,the,the,Function,DET,0.6502227783203125
58,58Aw08,move,move.,Content,NOUN,4.209752559661865
58,58Bw01,So,So,Content,ADV,6.185170650482178
58,58Bw02,are,are,Content,AUX,2.6763408184051514
58,58Bw03,their,their,Function,PRON,3.489824056625366
58,58Bw04,parasites,parasites.,Content,NOUN,10.558712482452393
59,59Aw01,Gifts,Gifts,Content,NOUN,12.561185836791992
59,59Aw02,are,are,Content,AUX,2.443723201751709
59,59Aw03,often,often,Content,ADV,3.6748204231262207
59,59Aw04,left,left,Content,VERB,5.959877967834473
59,59Aw05,on,on,Function,ADP,2.275653600692749
59,59Aw06,front,front,Content,ADJ,9.14789867401123
59,59Aw07,row,row,Content,NOUN,6.967822551727295
59,59Aw08,seats,seats,Content,NOUN,2.361849784851074
59,59Aw09,at,at,Function,ADP,1.4272159337997437
59,59Aw10,fashion,fashion,Content,NOUN,9.179702758789062
59,59Aw11,shows,shows,Content,NOUN,0.0999576523900032
59,59Aw12,for,for,Function,ADP,4.110213279724121
59,59Aw13,guests,guests.,Content,NOUN,6.56259560585022
59,59Bw01,Rarely,"Rarely,",Content,ADV,10.978368505835533
59,59Bw02,however,"however,",Content,ADV,3.132917290669866
59,59Bw03,are,are,Content,AUX,1.4341152906417847
59,59Bw04,they,they,Function,PRON,1.0090197324752808
59,59Bw05,placed,placed,Content,VERB,4.177761077880859
59,59Bw06,on,on,Function,ADP,1.067032814025879
59,59Bw07,every,every,Function,DET,6.5954694747924805
59,59Bw08,seat,seat.,Content,NOUN,6.59907865524292
60,60Aw01,Trying,Trying,Content,VERB,9.71285343170166
60,60Aw02,to,to,Function,PART,0.1965945065021515
60,60Aw03,figure,figure,Content,VERB,2.7878613471984863
60,60Aw04,out,out,Function,ADP,0.050137411803007126
60,60Aw05,why,why,Content,SCONJ,2.3966546058654785
60,60Aw06,humans,humans,Content,NOUN,7.102062702178955
60,60Aw07,cry,cry,Content,VERB,9.335800170898438
60,60Aw08,is,is,Content,AUX,4.145981788635254
60,60Aw09,exhausting,exhausting.,Content,ADJ,6.60954225063324
60,60Bw01,We,We,Function,PRON,3.2023839950561523
60,60Bw02,cry,cry,Content,VERB,3.941157341003418
60,60Bw03,about,about,Function,ADP,4.241061210632324
60,60Bw04,death,"death,",Content,NOUN,6.522599518299103
60,60Bw05,violence,"violence,",Content,NOUN,5.513212144374847
60,60Bw06,breakups,"breakups,",Content,NOUN,11.048173755407333
60,60Bw07,abandoned,abandoned,Content,VERB,8.91092300415039
60,60Bw08,puppies,"puppies,",Content,NOUN,7.672466456890106
60,60Bw09,sweet,sweet,Content,ADJ,9.062811851501465
60,60Bw10,kisses,kisses,Content,NOUN,5.864330291748047
60,60Bw11,and,and,Function,CCONJ,2.1879677772521973
60,60Bw12,words,words,Content,NOUN,8.639717102050781
60,60Bw13,charged,charged,Content,VERB,13.355277061462402
60,60Bw14,with,with,Function,ADP,0.3987428545951843
60,60Bw15,all,all,Function,DET,5.3707475662231445
60,60Bw16,kinds,kinds,Content,NOUN,2.273591995239258
60,60Bw17,of,of,Function,ADP,0.005416953936219215
60,60Bw18,meanings,meanings.,Content,NOUN,4.423425078392029
61,61Aw01,The,The,Function,DET,2.4666926860809326
61,61Aw02,most,most,Content,ADV,5.050423622131348
61,61Aw03,popular,popular,Content,ADJ,2.9200942516326904
61,61Aw04,movie,movie,Content,NOUN,5.947591781616211
61,61Aw05,in,in,Function,ADP,1.4581331014633179
61,61Aw06,India,India,Content,PROPN,5.218374729156494
61,61Aw07,this,this,Function,DET,3.879117488861084
61,61Aw08,summer,summer,Content,NOUN,3.4127025604248047
61,61Aw09,is,is,Content,AUX,0.8528139591217041
61,61Aw10,about,about,Function,ADP,4.56637716293335
61,61Aw11,a,a,Function,DET,1.463531255722046
61,61Aw12,toilet,toilet.,Content,NOUN,12.402006387710571
61,61Bw01,It,It,Function,PRON,2.034182548522949
61,61Bw02,nearly,nearly,Content,ADV,10.222639083862305
61,61Bw03,causes,causes,Content,VERB,8.51701545715332
61,61Bw04,a,a,Function,DET,1.0866878032684326
61,61Bw05,divorce,divorce.,Content,NOUN,7.699122309684753
62,62Aw01,Bargain,Bargain,Content,NOUN,12.08928433060646
62,62Aw02,hunters,hunters,Content,NOUN,4.576733589172363
62,62Aw03,have,have,Content,AUX,2.2911319732666016
62,62Aw04,begun,begun,Content,VERB,5.094211578369141
62,62Aw05,to,to,Function,PART,0.8905762434005737
62,62Aw06,pay,pay,Content,VERB,4.413247108459473
62,62Aw07,close,close,Content,ADJ,3.199782609939575
62,62Aw08,attention,attention,Content,NOUN,0.005014462396502495
62,62Aw09,to,to,Function,ADP,0.05520555004477501
62,62Aw10,emerging,emerging,Content,VERB,8.638609886169434
62,62Aw11,market,market,Content,NOUN,5.180790901184082
62,62Aw12,stocks,stocks.,Content,NOUN,5.669587135314941
62,62Bw01,They,They,Function,PRON,4.04776668548584
62,62Bw02,are,are,Content,AUX,1.5288022756576538
62,62Bw03,a,a,Function,DET,3.9281866550445557
62,62Bw04,little,little,Content,ADJ,5.028970241546631
62,62Bw05,late,late,Content,ADJ,5.688681125640869
62,62Bw06,to,to,Function,ADP,0.3986627459526062
62,62Bw07,the,the,Function,DET,0.016170421615242958
62,62Bw08,game,game.,Content,NOUN,3.0715208053588867
63,63Aw01,One,One,Function,NUM,5.209444999694824
63,63Aw02,new,new,Content,ADJ,7.55071496963501
63,63Aw03,drug,drug,Content,NOUN,7.837109088897705
63,63Aw04,promises,promises,Content,VERB,9.434441566467285
63,63Aw05,to,to,Function,PART,0.1069546714425087
63,63Aw06,stop,stop,Content,VERB,5.489907741546631
63,63Aw07,cancer,cancer,Content,NOUN,2.8327770233154297
63,63Aw08,from,from,Function,ADP,1.8426746129989624
63,63Aw09,spreading,spreading,Content,VERB,1.2870867252349854
63,63Aw10,to,to,Function,ADP,2.0455355644226074
63,63Aw11,other,other,Content,ADJ,2.1615700721740723
63,63Aw12,organs,organs.,Content,NOUN,3.6335655450820923
63,63Bw01,Another,Another,Function,PRON,6.83292293548584
63,63Bw02,would,would,Function,AUX,4.9190263748168945
63,63Bw03,treat,treat,Content,VERB,3.7602264881134033
63,63Bw04,blood,blood,Content,NOUN,5.811519145965576
63,63Bw05,cancer,cancer.,Content,NOUN,4.083096861839294
